timestamp,temp,hum,rain,prev_sm
0,23.9,74.6,0,29.16
900000,25,70.5,0,28.77
1800000,23.8,77.7,0,28.45
2700000,26.4,78.5,0,28.1
3600000,23.5,74,0.1,43.2
4500000,21.6,81.4,0.1,55.74
5400000,20.5,87,0.1,62.47
6300000,19.6,91.9,0.1,71.74
7200000,19.1,95.6,0.1,78.33
8100000,18.7,97.6,0.1,82.04
9000000,19.2,97.9,0.1,85.06
9900000,19.4,96.3,0.1,87.58
10800000,19.2,97.3,0.1,89.82
11700000,19.3,97.2,0,89.61
12600000,19.4,96.7,0,89.44
13500000,19.2,99.6,0,89.26
14400000,18,99,0,89.07
15300000,16.9,100,0,88.82
16200000,16.8,100,0,88.62
17100000,16.6,100,0,88.48
18000000,17,100,0,88.28
18900000,17.3,100,0,88.07
19800000,17.3,100,0,87.82
20700000,17.4,100,0,87.68
21600000,17.4,100,0,87.45
22500000,17.4,100,0,87.22
23400000,17.1,100,0,86.96
24300000,17,100,0,86.72
25200000,17.2,100,0,86.53
26100000,17.2,100,0,86.39
27000000,17.5,100,0,86.2
27900000,17.7,100,0,85.97
28800000,17.6,100,0,85.7
29700000,17.1,100,0,85.49
30600000,16.7,100,0,85.3
31500000,16.8,100,0,85.15
32400000,16.9,100,0,84.94
33300000,17,100,0,84.71
34200000,16.9,100,0,84.45
35100000,16.9,100,0,84.22
36000000,16.5,100,0,84.01
36900000,16.3,100,0,83.8
37800000,16.2,100,0,83.59
38700000,16.2,100,0,83.43
39600000,16.1,100,0,83.29
40500000,16.1,100,0,83.07
41400000,16,100,0,82.9
42300000,15.9,100,0,82.73
43200000,15.9,100,0,82.55
44100000,16.1,100,0,82.32
45000000,16.2,100,0,82.12
45900000,16.6,100,0,81.94
46800000,17.3,100,0,81.74
47700000,18.3,100,0.1,85.26
48600000,18.9,99.7,0.1,87.51
49500000,19.6,98.5,0.1,89.52
50400000,19.6,97.6,0.1,91.12
51300000,19.2,98.1,0,90.89
52200000,19.9,96.9,0,90.72
53100000,21.9,93.7,0,90.48
54000000,22.5,88.3,0,90.14
54900000,28.1,70.5,0,89.68
55800000,27,70.8,0,89.31
56700000,24.7,78,0,88.92
57600000,27.5,70,0,88.45
58500000,33,52.8,0,87.85
59400000,30.2,56.3,0,87.32
60300000,26.8,67.3,0,86.83
61200000,31.3,55.2,0,86.25
62100000,27.8,65.7,0.1,88.9
63000000,38.1,44.4,0.1,91.47
63900000,42,37.3,0.1,93.48
64800000,45.6,34.8,0.1,94.47
65700000,46,32.4,0.1,95.58
66600000,47,33.8,0.1,96.43
67500000,46.9,33.6,0.1,97.04
68400000,38.7,41.4,0.1,97.52
69300000,29.3,60.1,0,97.05
70200000,42,36.1,0,96.1
71100000,46,31.6,0,94.96
72000000,45,30.4,0,93.87
72900000,35.1,45.1,0,93.17
73800000,28.1,56.8,0,92.69
74700000,28,63.7,0,92.26
75600000,28.9,60,0,91.71
76500000,27.4,63.2,0.1,93.19
77400000,26.4,65.5,0.1,94.83
78300000,24.3,75,0.1,95.73
79200000,21.5,88.1,0.1,96.43
80100000,20.9,91.3,0,96.24
81000000,20.3,92,0,96.07
81900000,19.7,92.5,0,95.82
82800000,19.9,94.5,0,95.59
83700000,20.9,91.1,0,95.35
84600000,20.1,90.7,0,95.11
85500000,19.6,93.4,0,94.87
86400000,19.2,93.9,0,94.66
87300000,19,95,0,94.47
88200000,18.8,96.1,0,94.31
89100000,18.7,96.7,0,94.15
90000000,18.5,97.1,0,94
90900000,18.4,97.8,0,93.85
91800000,18.3,98.4,0,93.67
92700000,18.2,98.6,0,93.54
93600000,18.1,99.1,0,93.29
94500000,18,99.3,0,93.1
95400000,18,99.5,0,92.89
96300000,17.9,99.8,0,92.69
97200000,17.8,100,0,92.48
98100000,17.8,100,0,92.25
99000000,17.8,100,0,92.09
99900000,17.8,100,0,91.88
100800000,17.9,100,0,91.66
101700000,18,100,0,91.47
102600000,18,100,0,91.24
103500000,18,100,0,91.06
104400000,18.1,100,0,90.8
105300000,18.1,100,0,90.64
106200000,18.1,100,0,90.44
107100000,18.1,100,0,90.28
108000000,18.1,100,0,90.09
108900000,18,100,0,89.88
109800000,18,100,0,89.66
110700000,18,100,0,89.42
111600000,18,100,0,89.21
112500000,18,100,0,89.08
113400000,17.9,100,0,88.92
114300000,17.9,100,0,88.73
115200000,17.8,100,0,88.53
116100000,17.6,100,0,88.31
117000000,17.6,100,0,88.07
117900000,17.5,100,0,87.93
118800000,17.5,100,0,87.8
119700000,17.5,100,0,87.59
120600000,17.5,100,0,87.36
121500000,17.5,100,0,87.11
122400000,17.5,100,0,86.9
123300000,17.5,100,0,86.65
124200000,17.4,100,0,86.49
125100000,17.4,100,0,86.28
126000000,17.4,100,0,86.11
126900000,17.4,100,0,85.9
127800000,17.4,100,0,85.75
128700000,17.3,100,0,85.47
129600000,17.4,100,0,85.3
130500000,17.6,100,0,85.09
131400000,17.8,100,0,84.86
132300000,18.3,100,0,84.7
133200000,18.5,99.2,0,84.5
134100000,18.6,96.3,0,84.26
135000000,18.2,97.5,0,84.08
135900000,18.1,98.9,0,83.88
136800000,18.3,99.1,0,83.69
137700000,19,96.8,0,83.49
138600000,19.4,95.1,0,83.34
139500000,19.8,90.9,0,83.18
140400000,20.3,89.4,0,82.95
141300000,20.2,90.7,0,82.7
142200000,20.7,84.6,0,82.55
143100000,20.6,84.6,0,82.31
144000000,22.6,82.5,0,82.04
144900000,22.8,80.2,0,81.78
145800000,24.1,77.9,0,81.44
146700000,24.5,74.9,0,81.08
147600000,25.3,70.3,0,80.7
148500000,26.6,68.8,0.1,85.48
149400000,26,69,0,85.05
150300000,26.7,65.7,0,84.57
151200000,27.2,61.9,0,84.09
152100000,29.5,54.7,0,83.64
153000000,30.4,53.2,0,83.06
153900000,30.9,52.6,0,82.46
154800000,31,55.8,0,81.89
155700000,28.2,55.8,0,81.42
156600000,28.9,54,0,80.87
157500000,31.3,50,0,80.25
158400000,29.3,52.2,0,79.73
159300000,29.1,53.8,0,79.2
160200000,27.2,55,0,78.78
161100000,25.4,58,0,78.41
162000000,25,58,0,78.04
162900000,24.7,60.3,0,77.66
163800000,24.7,62.3,0,77.27
164700000,24.8,62.8,0,76.9
165600000,24.8,62.7,0,76.56
166500000,23.9,68.6,0,76.24
167400000,23.6,70.5,0,75.86
168300000,22.4,75.1,0,75.6
169200000,21.7,78.3,0,75.37
170100000,21.3,79.9,0,75.08
171000000,20.8,80.5,0,74.91
171900000,20.4,82.9,0,74.75
172800000,20.1,85,0,74.51
173700000,19.8,86.7,0,74.33
174600000,19.5,88.7,0,74.14
175500000,19.3,89.8,0,73.88
176400000,19,90.8,0,73.67
177300000,18.8,91.8,0,73.47
178200000,18.6,92.8,0,73.27
179100000,18.4,93,0,73.12
180000000,18.3,94.6,0,72.95
180900000,18.4,94.9,0,72.68
181800000,18.4,93.9,0,72.43
182700000,18.4,93.8,0,72.28
183600000,18.2,93.9,0,72.1
184500000,18.1,94.4,0,71.9
185400000,17.9,95.3,0,71.7
186300000,17.8,96.3,0,71.5
187200000,17.7,96.9,0,71.24
188100000,17.6,97.7,0,71.08
189000000,17.6,98.3,0,70.93
189900000,17.6,99,0,70.68
190800000,17.7,99.7,0,70.48
191700000,17.8,100,0,70.35
192600000,17.9,100,0,70.18
193500000,18,100,0,70.03
194400000,18,99.7,0,69.8
195300000,17.9,99,0,69.53
196200000,17.8,97.7,0,69.38
197100000,17.7,97.3,0,69.14
198000000,17.5,97.4,0,68.92
198900000,17.4,98.2,0,68.73
199800000,17.3,99,0,68.53
200700000,17.2,99.2,0,68.33
201600000,17,99.1,0,68.17
202500000,16.8,98.6,0,68.02
203400000,16.6,98.1,0,67.85
204300000,16.5,98.1,0,67.64
205200000,16.3,98.1,0,67.49
206100000,16.2,98,0,67.25
207000000,16,97.8,0,67.11
207900000,15.8,97.5,0,66.98
208800000,15.7,98.1,0,66.72
209700000,15.6,99.3,0,66.6
210600000,15.5,99.4,0,66.4
211500000,15.5,99.8,0,66.21
212400000,15.5,100,0,65.98
213300000,15.7,100,0,65.76
214200000,15.8,100,0,65.54
215100000,16,100,0,65.38
216000000,16.7,100,0,65.21
216900000,17,97.2,0,65.06
217800000,17.8,95.3,0,64.88
218700000,18.4,92.1,0,64.73
219600000,19.3,91.3,0,64.51
220500000,20.1,85.6,0,64.25
221400000,21,83.4,0,64.06
222300000,21.8,80.7,0,63.87
223200000,23,76.6,0,63.65
224100000,23.1,73.6,0,63.42
225000000,22.3,76.2,0.1,70.83
225900000,25,70.2,0.1,78.1
226800000,24.6,66.9,0.1,81.55
227700000,25,65.5,0.1,85.34
228600000,26.3,61.6,0,84.87
229500000,29.2,55.9,0,84.35
230400000,30.5,57,0,83.8
231300000,29.1,56.3,0,83.31
232200000,30.1,51.3,0.1,85.89
233100000,30.2,51.7,0.1,88.4
234000000,31.7,50.9,0.1,91.24
234900000,32.5,50.1,0.1,93.34
235800000,32.1,52.5,0.1,94.64
236700000,33.1,46.6,0.1,95.78
237600000,30.3,52.2,0.1,96.53
238500000,32.2,49.9,0.1,97.11
239400000,34,47.3,0,96.41
240300000,32.9,46.6,0,95.72
241200000,34.3,47.1,0,95.01
242100000,34.2,43.6,0,94.3
243000000,32.7,46.8,0.1,95.33
243900000,28.9,51.8,0.1,96.41
244800000,27.8,58.8,0,95.89
245700000,27.8,60.3,0,95.4
246600000,26.5,59.5,0,94.95
247500000,26.2,62.3,0,94.51
248400000,26,60.8,0,94.09
249300000,25.5,59.9,0,93.71
250200000,25.1,60.4,0,93.36
251100000,24.7,63.4,0,92.92
252000000,24.3,63.5,0,92.55
252900000,23.9,66.4,0,92.2
253800000,23.6,68.9,0,91.84
254700000,23.1,68.5,0,91.52
255600000,22.7,71.1,0,91.3
256500000,22.2,73,0,91.03
257400000,21.8,74.6,0,90.72
258300000,21.5,76.6,0,90.48
259200000,21.2,77.3,0,90.18
260100000,20.9,78.7,0,89.92
261000000,20.7,80.9,0,89.66
261900000,20.5,82.9,0,89.48
262800000,20.2,84.2,0,89.25
263700000,20.1,84.6,0,89.1
264600000,19.9,86.3,0,88.92
265500000,19.7,87.6,0,88.75
266400000,19.5,89,0,88.55
267300000,19.3,90.2,0,88.3
268200000,19.2,90.8,0,88.1
269100000,19.1,91.6,0,87.89
270000000,19,92.5,0,87.64
270900000,19.1,93.2,0,87.44
271800000,19.2,92.8,0,87.26
272700000,19.3,92.1,0,87.07
273600000,19.3,91.7,0,86.82
274500000,19.1,92,0,86.64
275400000,18.8,93,0,86.46
276300000,18.6,93.9,0,86.26
277200000,18.3,94.6,0,86.13
278100000,18.1,95.2,0,85.91
279000000,18,96,0,85.75
279900000,17.9,97,0,85.54
280800000,17.7,97,0,85.3
281700000,17.7,97.6,0,85.12
282600000,17.7,97.6,0,84.93
283500000,17.6,97.6,0,84.77
284400000,17.5,98,0,84.59
285300000,17.4,98.4,0,84.35
286200000,17.4,98.7,0,84.11
287100000,17.3,98.8,0,83.9
288000000,17.2,98.7,0,83.72
288900000,17.4,99.5,0,83.52
289800000,17.5,99.4,0,83.35
290700000,17.7,98.9,0,83.17
291600000,17.8,98.7,0,82.98
292500000,17.9,98.2,0,82.85
293400000,17.9,97.5,0,82.61
294300000,17.9,97.5,0,82.4
295200000,17.8,97.6,0,82.23
296100000,17.6,97.4,0,82.02
297000000,17.5,98.5,0,81.83
297900000,17.5,99.4,0,81.64
298800000,17.5,100,0,81.42
299700000,17.6,100,0,81.24
300600000,17.5,99.9,0,81.07
301500000,17.5,99.5,0,80.88
302400000,17.6,99.1,0,80.68
303300000,18.1,99,0,80.51
304200000,18.5,97.3,0,80.29
305100000,19,93.7,0,80.1
306000000,19,93.8,0,79.94
306900000,19.4,92.6,0,79.75
307800000,20.4,87.9,0,79.61
308700000,20.4,85.9,0,79.4
309600000,20.7,84.6,0,79.15
310500000,21.6,81.7,0,78.93
311400000,21.5,81.2,0,78.69
312300000,21.6,82.2,0,78.41
313200000,23.6,73.8,0,78.1
314100000,24.7,74.6,0,77.72
315000000,27.1,66.2,0,77.33
315900000,29.7,57,0,76.76
316800000,30.8,53.5,0,76.19
317700000,30.2,52.1,0,75.63
318600000,29.4,53.9,0,75.12
319500000,31.2,55.2,0,74.59
320400000,30.9,50.9,0,74.05
321300000,31.6,50.2,0,73.49
322200000,32,56.4,0,72.91
323100000,32.2,60.5,0.1,79.6
324000000,32.6,48.2,0.1,84.42
324900000,32.6,45.6,0.1,88.03
325800000,33.2,47.2,0.1,90.14
326700000,35.4,47.4,0,89.44
327600000,33.7,45.4,0,88.73
328500000,32.7,45.2,0,88.06
329400000,32.7,47.6,0,87.36
330300000,32.3,48.3,0,86.74
331200000,30.2,55,0,86.16
332100000,29.5,55.5,0,85.68
333000000,29,58.7,0,85.19
333900000,28.1,59.6,0,84.74
334800000,27.4,60.7,0,84.24
335700000,27.1,59.8,0,83.78
336600000,26.9,58.2,0,83.42
337500000,26.8,65.5,0,83.03
338400000,26.6,58.4,0,82.63
339300000,26.1,64.5,0,82.2
340200000,25.1,67,0,81.82
341100000,24.5,72.1,0,81.51
342000000,24,73.7,0,81.18
342900000,23.4,73.3,0,80.91
343800000,22.9,76.3,0,80.54
344700000,22.4,78.3,0,80.32
345600000,22.1,82.4,0,80.07
346500000,21.6,86.7,0,79.87
347400000,21.1,87.5,0,79.63
348300000,20.7,88.6,0,79.47
349200000,20.4,89.9,0,79.24
350100000,20.2,90.5,0,79.08
351000000,20,91.5,0,78.91
351900000,19.8,92,0,78.71
352800000,19.7,92.3,0,78.5
353700000,19.5,93,0,78.27
354600000,19.4,93.4,0,78.13
355500000,19.2,94.3,0,77.95
356400000,19,94.4,0,77.72
357300000,18.9,95,0,77.59
358200000,18.8,95.7,0,77.36
359100000,18.6,95.6,0,77.22
360000000,18.5,96.3,0,77.01
360900000,18.4,96.8,0,76.8
361800000,18.2,97.1,0,76.62
362700000,18.2,97.9,0,76.46
363600000,18.1,98.3,0,76.31
364500000,18.1,98.4,0,76.12
365400000,18,98.4,0,75.96
366300000,17.9,99.1,0,75.83
367200000,17.9,100,0,75.66
368100000,17.8,99.8,0,75.4
369000000,17.9,100,0,75.24
369900000,18.1,100,0.1,80.74
370800000,18.2,100,0.1,84.86
371700000,18.1,100,0.1,88.18
372600000,18.1,100,0.1,90.6
373500000,18.1,100,0.1,92.24
374400000,18.2,100,0.1,93.68
375300000,18.2,100,0.1,94.74
376200000,18.3,100,0.1,96.01
377100000,18.4,100,0.1,96.84
378000000,18.5,100,0.1,97.44
378900000,18.4,100,0.1,97.94
379800000,18.4,100,0.1,97.85
380700000,18.3,100,0,97.64
381600000,18.3,100,0,97.39
382500000,18.2,100,0,97.19
383400000,18.1,100,0,97
384300000,18.1,100,0.1,97.73
385200000,18,100,0.1,97.85
386100000,17.9,100,0.1,98.9
387000000,18,100,0.1,99.19
387900000,18,100,0.2,99.63
388800000,18.1,100,0.2,97.76
389700000,18.1,99.2,0.2,99.43
390600000,18.3,97.9,0.2,99.62
391500000,18.4,97.6,0.1,98.69
392400000,19.3,96.3,0.1,98.42
393300000,19.8,93.8,0.1,98.27
394200000,20.2,92.9,0.1,97.51
395100000,20.8,91.8,0,97.29
396000000,21.2,87.5,0,97.08
396900000,21.3,85.2,0,96.84
397800000,21.6,85.6,0,96.55
398700000,21.3,84.1,0.1,97.15
399600000,21,88.5,0.1,97.7
400500000,21.6,84.8,0.1,97.91
401400000,21,86.9,0.1,98.46
402300000,22,85.9,0,98.14
403200000,22.7,83.7,0,97.85
404100000,25.5,74.9,0,97.52
405000000,27.2,68.8,0,97.14
405900000,27.7,65.7,0,96.69
406800000,27.5,67.4,0,96.31
407700000,29.8,61.6,0,95.78
408600000,31.8,55.7,0,95.23
409500000,29.6,61.1,0,94.75
410400000,32.3,55.3,0,94.13
411300000,35.8,46.3,0,93.42
412200000,33.3,49.1,0,92.71
413100000,34.9,48.2,0.1,94.37
414000000,33.4,49,0.1,95.47
414900000,34.7,49,0.1,96.39
415800000,35.5,43.5,0.1,97.09
416700000,34.5,48.7,0.1,97.64
417600000,31,52.6,0.1,97.86
418500000,29.1,60,0.1,99.48
419400000,27.8,62.5,0.1,98.36
420300000,26.8,65.5,0,97.96
421200000,26.4,65.7,0,97.5
422100000,26.3,68.1,0,97.13
423000000,25.8,66.8,0,96.68
423900000,25.9,68,0,96.28
424800000,25.6,67.5,0,95.82
425700000,25.7,68.4,0,95.49
426600000,25.6,76.1,0,95.14
427500000,25.3,68,0,94.75
428400000,25.1,68.4,0,94.41
429300000,24.6,69.6,0,94.04
430200000,23.7,71.8,0,93.73
431100000,22.9,74.6,0,93.45
432000000,22.3,79.8,0,93.09
432900000,21.7,83.1,0,92.85
433800000,21.2,85.1,0,92.63
434700000,20.7,86,0,92.39
435600000,20.4,87.7,0,92.16
436500000,20.1,89.7,0,91.95
437400000,19.8,90.9,0,91.77
438300000,19.6,92.4,0,91.6
439200000,19.5,93.8,0,91.42
440100000,19.5,95.3,0,91.21
441000000,19.4,94.8,0,90.98
441900000,19.2,94.6,0,90.85
442800000,19,94.2,0,90.68
443700000,18.8,94.6,0,90.45
444600000,18.7,95.4,0,90.28
445500000,18.8,96.7,0,90.08
446400000,18.9,97.1,0,89.88
447300000,19,96.7,0,89.68
448200000,18.9,95.5,0,89.45
449100000,18.6,94.9,0,89.24
450000000,18.3,95,0,88.97
450900000,18.1,95.6,0,88.74
451800000,18,96.3,0,88.55
452700000,18.1,98.1,0,88.29
453600000,18.1,98,0,88.11
454500000,17.9,97.1,0,87.9
455400000,17.8,97.8,0,87.7
456300000,17.8,98.2,0,87.46
457200000,17.6,98.5,0,87.21
458100000,17.7,99.5,0,87.02
459000000,17.7,99.2,0,86.84
459900000,17.5,97.7,0,86.58
460800000,17.4,97.3,0,86.35
461700000,17.2,97.9,0,86.15
462600000,17.3,98.9,0,85.98
463500000,17.4,99.2,0,85.8
464400000,17.5,99,0,85.62
465300000,17.5,99.2,0,85.39
466200000,17.5,98.9,0,85.18
467100000,17.4,98.9,0,85.02
468000000,17.3,99.1,0,84.86
468900000,17.2,98.8,0,84.64
469800000,17.2,99.6,0,84.38
470700000,17.1,100,0,84.24
471600000,17.2,100,0,84.06
472500000,17.1,100,0,83.84
473400000,17,100,0,83.63
474300000,16.9,100,0,83.4
475200000,16.8,99.6,0,83.18
476100000,16.8,99.8,0,83.05
477000000,17.1,100,0,82.92
477900000,17.6,99.3,0,82.7
478800000,18.7,96.3,0,82.53
479700000,19.3,93.4,0,82.33
480600000,19.6,90,0,82.13
481500000,19.5,89.5,0,81.87
482400000,20.2,87.3,0.1,85.48
483300000,20.4,84.1,0.1,87.98
484200000,21,82.2,0,87.73
485100000,21.4,79.9,0,87.54
486000000,25.6,65.2,0,87.08
486900000,27.1,63.8,0,86.66
487800000,28,57.7,0,86.24
488700000,26.6,62.1,0,85.86
489600000,26.6,61.6,0,85.42
490500000,27.4,57.3,0,84.99
491400000,28.7,56.2,0,84.44
492300000,31.7,51,0,83.76
493200000,32.4,50.1,0,83.1
494100000,32.2,49.1,0,82.47
495000000,37.3,41.2,0,81.64
495900000,37.4,41.1,0,80.77
496800000,35.3,42.7,0,80.06
497700000,20.7,75.1,0,79.79
498600000,20.4,79.5,0,79.59
499500000,19.8,82.2,0,79.36
500400000,19.6,84.5,0,79.24
501300000,19.1,86.1,0,79.11
502200000,18.7,88.1,0,78.95
503100000,18.4,89.9,0,78.76
504000000,18.2,92.6,0,78.59
504900000,18,92.6,0,78.4
505800000,18,91.9,0,78.22
506700000,17.4,94.5,0,77.99
507600000,17.2,96.2,0,77.79
508500000,17.3,95.8,0,77.55
509400000,17.4,95,0,77.37
510300000,17.5,96.3,0,77.18
511200000,17.5,96.9,0,76.97
512100000,17.3,97.8,0,76.86
513000000,17,98.1,0,76.66
513900000,29.4,66,0,76.09
514800000,32.6,49.6,0,75.42
515700000,30.5,64.7,0,74.89
516600000,31,61,0,74.3
517500000,27.1,54.5,0,73.87
518400000,31.1,51.8,0,73.35
519300000,33.2,45.8,0.1,77.96
520200000,33.6,43.8,0.1,83.35
521100000,33.9,43.7,0.1,86.93
522000000,35,41.2,0.1,89.68
522900000,33.1,43.9,0.1,91.76
523800000,36.1,39,0.1,93.19
524700000,36.2,39.8,0.1,94.33
525600000,36.3,39.8,0.1,95.3
526500000,36.8,36.8,0.1,96.1
527400000,33.6,41.6,0.1,96.99
528300000,31.3,45.9,0.1,97.54
529200000,28.6,49.3,0.1,97.93
530100000,27.6,52.4,0,97.44
531000000,27.8,51.8,0,96.97
531900000,27.2,51.1,0,96.54
532800000,27.3,49.3,0,96.07
533700000,27.2,52.8,0,95.68
534600000,26.9,52.2,0,95.25
535500000,26.8,51.6,0,94.81
536400000,26.7,50.9,0,94.34
537300000,26.5,50.9,0,93.85
538200000,26.3,50.7,0,93.5
539100000,25.9,53.6,0,93.08
540000000,25.6,52.7,0,92.66
540900000,25.2,55.3,0,92.24
541800000,24.8,54.9,0,91.87
542700000,24.3,57.5,0,91.57
543600000,23.8,60.5,0,91.2
544500000,23.3,63,0,90.93
545400000,22.8,66.8,0,90.7
546300000,22.4,69.4,0,90.41
547200000,21.9,72.1,0,90.16
548100000,21.6,74.2,0,89.94
549000000,21.2,75.8,0,89.67
549900000,21,78.5,0,89.42
550800000,20.7,80.4,0,89.21
551700000,20.5,81.4,0,88.97
552600000,20.4,85.7,0,88.74
553500000,20.4,85.8,0,88.52
554400000,23.1,79.9,0,88.16
555300000,22.8,72.3,0,87.85
556200000,25.7,61.8,0,87.52
557100000,25.8,61.6,0,87.14
558000000,25.8,61.5,0,86.69
558900000,25.9,62.2,0,86.28
559800000,25.8,61.7,0,85.83
560700000,25.6,62.7,0,85.47
561600000,25.7,65.8,0,85.03
562500000,27,59.1,0,84.62
563400000,27.8,57.3,0,84.17
564300000,27.8,57,0,83.75
565200000,28,58.4,0,83.31
566100000,28.6,56.3,0,82.83
567000000,37.7,39.9,0.1,87.01
567900000,36.9,41.5,0.1,89.09
568800000,36.5,40.5,0.1,91.75
569700000,34.4,42,0.1,93.55
570600000,36.3,39.3,0.1,94.56
571500000,31.8,47.3,0.1,95.54
572400000,28.8,50.7,0,94.98
573300000,28.8,50.7,0,94.45
574200000,28.4,48.8,0,93.91
575100000,28.3,49.7,0,93.42
576000000,28.2,50.7,0,92.91
576900000,28,50.5,0,92.48
577800000,28,51.8,0,92.01
578700000,28.1,51.3,0,91.55
579600000,28.2,49.9,0,91.05
580500000,27.9,51.2,0,90.56
581400000,28,51.3,0,90.02
582300000,27.4,51.9,0,89.54
583200000,27.4,51.9,0,89.07
584100000,27.4,51.8,0,88.6
585000000,27.3,52.1,0,88.14
585900000,27.1,54,0,87.75
586800000,27.2,52.9,0,87.33
587700000,27.2,53.5,0,86.83
588600000,27.1,53.1,0,86.36
589500000,27.5,52.9,0,85.95
590400000,27.1,55.2,0,85.55
591300000,26.3,57.2,0,85.13
592200000,25.8,58.4,0,84.79
593100000,25.3,59.8,0,84.44
594000000,24.8,59.7,0,84.12
594900000,24.3,62.8,0,83.83
595800000,23.3,65.9,0,83.5
596700000,23.3,66.3,0,83.18
597600000,23.3,65.5,0,82.82
598500000,23.3,65.5,0,82.58
599400000,23.3,66.1,0,82.28
600300000,22.7,67.5,0,81.96
601200000,22.2,70,0,81.73
602100000,21.9,73.2,0,81.45
603000000,21.5,75.6,0,81.16
603900000,21.2,78.2,0.1,85.08
604800000,20.9,79.9,0.1,87.72
605700000,20.6,81.1,0.1,90.54
606600000,20.4,82,0.1,92.26
607500000,20.1,83.2,0,92.02
608400000,20,84,0,91.85
609300000,19.7,85.1,0,91.66
610200000,19.4,86.6,0,91.5
611100000,19.2,87.8,0,91.28
612000000,19.1,88.7,0,91.13
612900000,18.9,89.5,0,90.95
613800000,18.8,90.3,0,90.67
614700000,18.7,91.3,0,90.48
615600000,18.4,92.1,0,90.26
616500000,18.4,92.7,0,90.1
617400000,18.2,93.4,0,89.86
618300000,18,94.2,0,89.64
619200000,18,94.9,0,89.48
620100000,18,94.9,0,89.32
621000000,18,94.9,0,89.12
621900000,17.9,95.3,0,88.93
622800000,17.8,95.7,0,88.78
623700000,17.8,96.4,0,88.52
624600000,17.7,96.1,0,88.24
625500000,17.6,96.1,0,88.05
626400000,17.4,96.8,0,87.83
627300000,17.4,97.1,0,87.59
628200000,17.4,97.5,0,87.32
629100000,17.3,97.7,0,87.09
630000000,17.4,98,0,86.85
630900000,17.3,98.4,0,86.64
631800000,17.2,99.4,0,86.38
632700000,17.5,99.6,0,86.21
633600000,17.7,99.3,0,86.07
634500000,17.8,98.7,0,85.94
635400000,17.8,98.3,0,85.73
636300000,17.8,98.7,0,85.51
637200000,17.7,98.3,0,85.32
638100000,17.7,97.6,0,85.07
639000000,17.7,97.2,0,84.86
639900000,17.7,97.5,0,84.62
640800000,17.7,97.3,0,84.37
641700000,17.7,97.1,0,84.2
642600000,17.6,97.4,0,84.03
643500000,17.7,97.3,0,83.83
644400000,17.9,97,0,83.62
645300000,18.1,96.2,0,83.47
646200000,18.3,95.7,0,83.35
647100000,18.8,93.2,0,83.14
648000000,19.3,90.7,0,82.91
648900000,19.9,89.9,0,82.71
649800000,20.2,87.5,0,82.49
650700000,20.4,86.8,0,82.3
651600000,21.2,84.9,0,82.1
652500000,21.2,82.8,0,81.86
653400000,22.8,77.3,0,81.62
654300000,22.6,77.2,0,81.26
655200000,24.9,70.5,0,80.95
656100000,25.8,67.4,0,80.61
657000000,25.7,65.2,0,80.19
657900000,25.5,66.8,0,79.76
658800000,26.8,58.8,0,79.31
659700000,29.7,51.4,0,78.73
660600000,31.6,48.8,0,78.17
661500000,32.2,50.2,0,77.58
662400000,29.9,53.3,0.1,81.67
663300000,32.2,49,0.1,85.84
664200000,32.8,47.3,0.1,88.15
665100000,34.4,47.5,0.1,91.08
666000000,33.5,45.3,0,90.39
666900000,31.2,49.9,0,89.81
667800000,33.4,45.7,0,89.13
668700000,29.6,48.2,0,88.55
669600000,29.6,51.1,0,88.05
670500000,29.2,53.8,0,87.48
671400000,28,51.9,0,87
672300000,27.6,55.1,0,86.52
673200000,27.3,52.9,0,86.1
674100000,27.1,53.5,0,85.62
675000000,27.2,52.5,0,85.11
675900000,27.5,50.6,0,84.67
676800000,27,54,0,84.27
677700000,26.5,55,0,83.76
678600000,25.9,58.4,0,83.39
679500000,25.6,60.1,0,82.94
680400000,25.3,59.1,0,82.51
681300000,24.8,59.9,0,82.22
682200000,24.5,60,0,81.78
683100000,24.4,61.2,0,81.39
684000000,24,64.1,0,81.01
684900000,23.4,65.7,0,80.69
685800000,22.9,68.2,0,80.34
686700000,22.4,71,0,80.09
687600000,22.1,71.9,0,79.77
688500000,21.7,73.9,0,79.53
689400000,21.5,75.9,0,79.33
690300000,21.3,77.8,0,79.12
691200000,21.2,79.2,0,78.93
692100000,20.9,79.7,0,78.7
693000000,20.6,80.9,0,78.46
693900000,20.3,83.6,0,78.27
694800000,19.9,84.4,0,78.02
695700000,19.7,86.1,0,77.79
696600000,19.7,86.8,0,77.55
697500000,19.7,88.3,0,77.33
698400000,19.5,89.5,0,77.08
699300000,19.5,89.6,0,76.91
700200000,19.3,90,0,76.79
701100000,19.3,90,0,76.63
702000000,19.2,89.7,0,76.41
702900000,19,90.5,0,76.21
703800000,18.8,91.6,0,76.01
704700000,18.5,92.9,0,75.82
705600000,18.3,94.1,0,75.61
706500000,18.1,94.9,0,75.44
707400000,17.9,95.2,0,75.29
708300000,17.8,95.6,0,75.12
709200000,17.7,96.3,0,74.93
710100000,17.9,95.8,0,74.7
711000000,17.9,95.8,0,74.48
711900000,18,96.4,0,74.27
712800000,18.1,94.7,0,74.12
713700000,18.2,94.1,0,73.92
714600000,18.2,93.7,0,73.71
715500000,18.2,93.6,0,73.48
716400000,18.2,93.7,0,73.24
717300000,18.1,93.9,0,73.05
718200000,17.8,94.5,0,72.86
719100000,17.5,95.5,0,72.67
720000000,17.2,95.9,0,72.47
720900000,17,97.7,0,72.28
721800000,17.1,98.8,0,72.11
722700000,17.1,99.5,0,71.97
723600000,17.2,99.3,0,71.71
724500000,17.3,99.9,0,71.43
725400000,17.4,99.8,0,71.17
726300000,17.2,99.6,0,71.01
727200000,17,99.6,0,70.82
728100000,16.9,100,0,70.66
729000000,16.8,100,0,70.44
729900000,16.9,100,0,70.25
730800000,17,100,0,70.07
731700000,17.1,99.7,0,69.88
732600000,17.4,98.7,0,69.63
733500000,17.7,97.2,0,69.45
734400000,18.2,96.1,0,69.29
735300000,18.8,94.6,0,69.15
736200000,19.4,91,0,68.98
737100000,20,86.8,0,68.74
738000000,20.4,84.8,0,68.55
738900000,21.5,80.5,0,68.31
739800000,21.6,77.5,0,67.99
740700000,23.3,72.9,0,67.72
741600000,24.8,68.5,0,67.38
742500000,26.2,62,0,66.92
743400000,30,52.7,0,66.41
744300000,30.8,50.8,0,65.88
745200000,29.3,55.2,0,65.38
746100000,31,51.5,0,64.85
747000000,27.5,54.8,0,64.4
747900000,30.9,48.1,0,63.87
748800000,30.8,50.9,0,63.23
749700000,27.9,54.7,0,62.75
750600000,28.9,54.3,0,62.24
751500000,29.9,49.3,0,61.66
752400000,29.9,49.7,0,61.14
753300000,30.1,49.8,0,60.62
754200000,34.1,43.4,0,59.98
755100000,34.5,39.9,0,59.28
756000000,34.6,39.9,0,58.56
756900000,36.9,37.3,0,57.69
757800000,38.2,38,0,56.91
758700000,35.4,38.1,0,56.15
759600000,35.4,37.1,0,55.42
760500000,33.9,45.1,0,54.66
761400000,28.7,47.9,0,54.16
762300000,28.2,47.9,0,53.65
763200000,28.2,51.8,0,53.13
764100000,28.2,50.3,0,52.59
765000000,27.8,49,0,52.14
765900000,27.5,49.7,0,51.67
766800000,26.3,52.4,0,51.25
767700000,26.3,52.4,0,50.85
768600000,26.3,53.7,0,50.42
769500000,26.2,52,0,49.98
770400000,26.2,52,0,49.61
771300000,26,52.2,0,49.13
772200000,25.6,53.2,0,48.69
773100000,24.9,55.1,0,48.28
774000000,24.3,59.3,0,47.96
774900000,23.3,69.7,0,47.67
775800000,22.6,74.1,0,47.38
776700000,22.4,74.8,0,47.12
777600000,22.3,74.3,0,46.91
778500000,22.3,74.3,0,46.59
779400000,22.1,73.6,0,46.28
780300000,21.9,72.6,0,45.97
781200000,21.5,74.5,0,45.66
782100000,21.2,76.5,0,45.41
783000000,21,78.1,0,45.12
783900000,20.8,79,0,44.89
784800000,20.7,79.6,0,44.65
785700000,20.7,79.4,0,44.38
786600000,20.7,78.7,0,44.17
787500000,20.4,79.8,0,43.97
788400000,20.2,81.1,0,43.8
789300000,20,82.3,0,43.64
790200000,19.8,83.6,0,43.38
791100000,19.7,84.5,0,43.1
792000000,19.7,85.3,0,42.86
792900000,19.6,85.7,0,42.65
793800000,19.4,86.3,0,42.45
794700000,19.1,88.4,0,42.23
795600000,18.8,88.6,0,42.02
796500000,18.7,89.8,0,41.78
797400000,18.6,89.9,0,41.55
798300000,18.5,90.2,0,41.29
799200000,18.4,90.8,0,41.08
800100000,18.4,91.1,0,40.89
801000000,18.5,91.6,0,40.64
801900000,18.5,91.7,0,40.43
802800000,18.6,91.5,0,40.26
803700000,18.5,92.6,0,40.06
804600000,18.3,93.6,0,39.94
805500000,18.2,94.5,0,39.77
806400000,18.2,94.7,0,39.56
807300000,18,94.7,0,39.35
808200000,17.9,95.2,0,39.21
809100000,18,96.3,0,39.04
810000000,18.1,95.5,0,38.8
810900000,18,95.4,0,38.67
811800000,17.9,96.2,0,38.44
812700000,17.9,96.8,0,38.15
813600000,17.6,100,0,37.97
814500000,17.1,100,0,37.77
815400000,16.8,100,0,37.59
816300000,16.7,100,0,37.44
817200000,16.7,100,0,37.29
818100000,16.7,100,0,37.06
819000000,16.8,100,0,36.84
819900000,16.9,100,0,36.63
820800000,17,100,0,36.41
821700000,17.1,100,0,36.16
822600000,17.2,100,0,35.98
823500000,17.4,100,0,35.82
824400000,17.8,100,0,35.62
825300000,18,100,0,35.46
826200000,18.1,100,0,35.22
827100000,20.4,92,0,35.05
828000000,20.4,91.1,0,34.88
828900000,21.5,82.8,0,34.61
829800000,24.1,76.3,0,34.33
830700000,24.2,70.6,0,33.99
831600000,26.8,65.1,0,33.53
832500000,29.5,54.8,0.1,47.14
833400000,30,50.7,0.1,57.47
834300000,31.8,46.7,0.1,67.44
835200000,29,49.7,0,66.97
836100000,30.9,49.8,0,66.4
837000000,30.2,46.6,0,65.82
837900000,32.6,43.1,0,65.19
838800000,31.6,47.1,0,64.61
839700000,31.9,45.4,0,63.99
840600000,33.4,39.9,0,63.27
841500000,33,41.7,0,62.6
842400000,32.3,41.4,0,62.02
843300000,31.4,41.6,0,61.5
844200000,29.5,45.5,0,60.98
845100000,27.9,47.8,0,60.52
846000000,27.6,43.8,0,60.05
846900000,27.8,46.7,0,59.62
847800000,27.4,48.3,0,59.21
848700000,27.4,48,0,58.77
849600000,27.3,49.3,0,58.33
850500000,27.3,51.3,0,57.81
851400000,27.6,51.2,0,57.35
852300000,27.7,50.3,0,56.86
853200000,27.8,50,0,56.38
854100000,49.8,26.8,0,55.17
855000000,48.7,26.2,0,53.93
855900000,33.6,37.7,0,53.25
856800000,29.2,45.4,0,52.74
857700000,25.4,54.6,0,52.33
858600000,24.7,58.5,0,52.05
859500000,24.3,61.6,0,51.74
860400000,0,0,0,51.52
861300000,0,0,0,51.32
862200000,24,63.9,0,50.99
863100000,24,63.8,0,50.63
864000000,24,63.9,0,50.38
864900000,23.9,65.3,0,50
865800000,23.7,66.6,0,49.63
866700000,23.5,67.8,0,49.31
867600000,23.3,68.5,0,48.98
868500000,23.1,69.6,0,48.7
869400000,22.8,70.3,0,48.33
870300000,22.6,71.8,0,48.05
871200000,22.4,73.1,0,47.78
872100000,22.2,74.3,0,47.44
873000000,22,75.7,0,47.18
873900000,21.8,76.6,0,46.89
874800000,21.6,76.7,0,46.68
875700000,21.4,77.2,0,46.43
876600000,21.2,77.5,0,46.12
877500000,21,78.4,0,45.86
878400000,20.8,78.9,0,45.61
879300000,22.9,75.2,0,45.3
880200000,23,76,0,45.03
881100000,23.1,74.8,0,44.71
882000000,23.2,71,0,44.41
882900000,19.5,88.6,0,44.27
883800000,-99,-99,0,44.01
884700000,-99,-99,0,43.84
885600000,-99,-99,0,43.62
886500000,-99,-99,0,43.41
887400000,-99,-99,0,43.24
888300000,-99,-99,0,43.05
889200000,-99,-99,0,42.86
890100000,-99,-99,0,42.69
891000000,-99,-99,0,42.52
891900000,-99,-99,0,42.33
892800000,22.6,74,0,42.07
893700000,22.6,74.2,0,41.73
894600000,23.5,74.4,0,41.42
895500000,28.4,58.6,0,40.89
896400000,30,53.2,0,40.38
897300000,31,50.5,0,39.75
898200000,31.3,50.1,0,39.09
899100000,32.5,46.4,0,38.4
900000000,31.9,48.3,0,37.73
900900000,33.3,45.2,0,37.05
901800000,32.9,45.8,0,36.45
902700000,33.9,43.4,0,35.7
903600000,33.9,41.4,0,35.04
904500000,34.5,41.7,0,34.3
905400000,33.4,41.8,0,33.64
906300000,31.9,43.6,0,32.96
907200000,31.5,42.7,0,32.33
908100000,30.5,46.2,0,31.7
909000000,29.3,45.5,0,31.17
909900000,28.9,48.5,0,30.61
910800000,28.8,48.1,0,30.1
911700000,28.6,46.6,0,29.6
912600000,28.3,46.3,0,29.11
913500000,28.2,46.9,0,28.68
914400000,28.2,49,0,28.16
915300000,27.9,48,0,27.71
916200000,27.9,50.9,0,27.22
917100000,27.6,52.1,0,26.73
918000000,27.1,53.9,0,26.26
918900000,26.3,57.4,0,25.85
919800000,25.8,61.7,0,25.47
920700000,24.9,63.1,0,25.1
921600000,24.3,64.3,0,24.74
922500000,23.7,68.7,0,24.39
923400000,23.7,68.8,0,24.07
924300000,23.5,70,0,23.78
925200000,23.3,70.6,0,23.42
926100000,23.1,71.8,0,23.11
927000000,22.9,72.8,0,22.83
927900000,22.7,73.4,0,22.51
928800000,22.7,73.4,0,22.29
929700000,22.2,75.5,0,22.04
930600000,21.9,76.8,0,21.83
931500000,21.7,77.7,0,21.59
932400000,21.6,78.7,0,21.32
933300000,21.4,79.6,0,21.13
934200000,21.2,80.8,0,20.89
935100000,21,81.6,0,20.66
936000000,20.8,82.3,0,20.4
936900000,20.7,83.4,0,20.2
937800000,20.6,84.1,0,19.93
938700000,20.5,84.5,0,19.67
939600000,20.5,84.7,0,19.44
940500000,20.8,83.7,0,19.13
941400000,20.8,83.7,0,18.93
942300000,20.4,85.1,0,18.72
943200000,20.2,85.3,0,18.45
944100000,18.9,90.8,0,18.3
945000000,18.9,90.1,0,18.13
945900000,19,89.7,0,17.97
946800000,19,89.6,0,17.78
947700000,19.3,90.1,0,17.51
948600000,19.6,87.6,0,17.3
949500000,19.8,86.5,0,17.15
950400000,20.2,85.1,0,17
951300000,20.7,83.7,0,16.73
952200000,21.3,81.6,0,16.41
953100000,28.4,56.1,0,15.9
954000000,27.5,55.9,0,15.46
954900000,27.6,56.9,0,15.03
955800000,28.2,56.7,0,14.58
956700000,32.1,47.9,0,13.99
957600000,32.9,45.1,0,13.32
958500000,33.1,44.6,0,12.67
959400000,34.5,43.3,0,11.97
960300000,32.8,44.5,0,11.29
961200000,32,43.8,0,10.64
962100000,31.4,45.8,0,10.02
963000000,30.7,47.8,0,9.51
963900000,33,42.7,0,9.28
964800000,34.1,39,0,9.07
965700000,33.9,40,0,8.91
966600000,31.8,41.9,0,8.73
967500000,30.8,46.8,0,8.55
968400000,29.3,47.5,0,8.39
969300000,28.8,46.7,0,8.25
970200000,28.6,46.8,0,8.09
971100000,28.5,49.2,0,7.98
972000000,28.5,49.6,0,7.82
972900000,28.2,50.1,0,7.67
973800000,28.2,51.2,0,7.52
974700000,27.6,50.4,0,7.41
975600000,27.3,51.9,0,7.3
976500000,27.2,52.7,0,7.16
977400000,27,52.9,0,7.04
978300000,26.8,54.2,0,6.89
979200000,26.3,53.3,0,6.79
980100000,25.9,54.6,0,6.67
981000000,25.6,56.5,0,6.58
981900000,24.9,65.7,0,6.45
982800000,24,69,0,6.37
983700000,23.3,72,0,6.29
984600000,22.8,74,0,6.23
985500000,22.5,74.8,0,6.15
986400000,22.3,75.5,0,6.05
987300000,22,76.1,0,5.96
988200000,21.8,77,0,5.91
989100000,21.5,77.9,0,5.81
990000000,21.3,79.1,0,5.75
990900000,21,79.8,0,5.73
991800000,20.8,80.9,0,5.65
992700000,20.5,82.7,0,5.62
993600000,20.3,83,0,5.53
994500000,20.2,83,0,5.48
995400000,20,83.7,0,5.46
996300000,19.8,84.2,0,5.39
997200000,19.6,84.9,0,5.31
998100000,19.4,85.7,0.05,17.07
999000000,19.3,85.8,0,16.87
999900000,19.3,86,0,16.73
1000800000,19,88,0,16.51
1001700000,18.9,88.8,0,16.36
1002600000,18.9,88.6,0,16.18
1003500000,18.8,88.6,0,15.91
1004400000,18.5,90.2,0,15.66
1005300000,18.8,89.6,0,15.45
1006200000,19.2,88.8,0,15.26
1007100000,19.3,88,0,15.08
1008000000,19.5,87.4,0,14.84
1008900000,19.6,87.2,0,14.65
1009800000,19.5,87.3,0,14.41
1010700000,19.2,88.1,0,14.26
1011600000,19.1,88.6,0,13.99
1012500000,18.8,90.5,0,13.79
1013400000,18.7,91.9,0,13.6
1014300000,18.8,92.4,0,13.39
1015200000,18.7,92.3,0,13.17
1016100000,18.6,92.6,0,12.93
1017000000,18.3,93.7,0,12.69
1017900000,18,94.8,0,12.54
1018800000,17.8,95.8,0,12.38
1019700000,17.5,96.6,0,12.19
1020600000,17.4,95.7,0,11.94
1021500000,17.4,96.3,0,11.68
1022400000,17.5,96.1,0,11.49
1023300000,17.5,95.6,0,11.27
1024200000,17.3,95.6,0,11.06
1025100000,17.1,96.5,0,10.89
1026000000,16.9,97.2,0,10.68
1026900000,16.9,98,0,10.47
1027800000,17,98.7,0,10.24
1028700000,17.3,98.2,0,10.01
1029600000,17.6,96.8,0,9.77
1030500000,17.9,96.4,0,9.71
1031400000,18.1,95.7,0,9.65
1032300000,18.7,94.3,0,9.63
1033200000,19.3,91.6,0,9.57
1034100000,19.5,90.4,0,9.55
1035000000,20.3,87,0,9.45
1035900000,21.2,82.7,0,9.35
1036800000,22.8,77.7,0,9.27
1037700000,25.4,68.3,0,9.11
1038600000,28.3,62.2,0,8.96
1039500000,29.3,56.6,0,8.84
1040400000,30.1,52.6,0,8.71
1041300000,31.5,49.6,0,8.56
1042200000,30.8,51.2,0,8.35
1043100000,31.1,50,0,8.14
1044000000,30.4,52.9,0,7.96
1044900000,30.6,50.7,0,7.77
1045800000,30.9,49.2,0,7.62
1046700000,31,50.5,0,7.49
1047600000,30.7,50.2,0,7.32
1048500000,31.1,51.3,0,7.17
1049400000,31.5,46.7,0,6.97
1050300000,31.3,48.5,0,6.82
1051200000,30.8,50.7,0,6.67
1052100000,30.5,49.1,0,6.51
1053000000,30.6,48,0,6.3
1053900000,30.1,48.9,0,6.13
1054800000,29.5,47.9,0,5.95
1055700000,29.4,49.6,0,5.8
1056600000,29.2,49.9,0,5.66
1057500000,29.2,49.8,0,5.5
1058400000,28.8,49.7,0,5.34
1059300000,28.8,49.9,0,5.21
1060200000,28.1,51,0,5.09
1061100000,27.8,52.2,0,4.96
1062000000,27.4,50.2,0,4.83
1062900000,27,54,0,4.67
1063800000,26.9,54.6,0,4.5
1064700000,26.4,56.9,0,4.38
1065600000,26,55.4,0,4.28
1066500000,25.6,59.1,0,4.18
1067400000,25,61.7,0,4.08
1068300000,24.5,61.3,0,3.97
1069200000,24,65.3,0,3.87
1070100000,23.5,67,0,3.99
1071000000,23.1,69,0,3.87
1071900000,22.7,70.4,0,4.23
1072800000,22.4,71.4,0,4.13
1073700000,22.1,72.1,0,4
1074600000,21.8,74,0,3.92
1075500000,21.5,75.4,0,3.82
1076400000,21.3,77.1,0,4.2
1077300000,21,77.6,0,4.11
1078200000,20.6,79.6,0,4.03
1079100000,20.4,81.9,0,3.98
1080000000,20.1,82.6,0,3.92
1080900000,19.7,83.8,0,3.89
1081800000,19.5,85.5,0,3.85
1082700000,19,86.1,0,3.99
1083600000,19,86.1,0,3.93
1084500000,18.4,88.3,0,3.9
1085400000,18.2,89.6,0,3.85
1086300000,18,90.3,0,3.82
1087200000,31.1,49.4,0,3.8
1088100000,33.8,43.9,0,3.98
1089000000,33.9,42.5,0,4.28
1089900000,34.1,40.9,0,4.07
1090800000,36,35.8,0,3.84
1091700000,36,35.9,0,4.33
1092600000,36.5,37.7,0,4.07
1093500000,36.5,37.7,0,3.88
1094400000,36.2,36,0,4.05
1095300000,36.6,35.7,0,4.25
1096200000,36.6,35.9,0,4.01
1097100000,38.8,33.5,0,3.88
1098000000,38.8,33.5,0,4.17
1098900000,38.5,34.7,0,3.89
1099800000,37.6,34.7,0,4.14
1100700000,36.2,36.3,0,3.87
1101600000,34.5,38.6,0,4.04
1102500000,32.2,42,0,3.86
1103400000,30.6,46,0,4.1
1104300000,30,46.2,0,3.91
1105200000,30,44.1,0,4.11
1106100000,29.7,47,0,3.97
1107000000,29.2,46.7,0,3.83
1107900000,28.6,49.7,0,4.21
1108800000,28.3,46.7,0,4.07
1109700000,28.3,48.5,0,3.93
1110600000,27.9,50.3,0,4.1
1111500000,27.5,51.7,0,4
1112400000,26.8,53.8,0,3.85
1113300000,26.1,56.1,0,4.25
1114200000,25.3,58.4,0,4.1
1115100000,24.7,60.7,0,3.98
1116000000,24.1,63.2,0,3.88
1116900000,23.7,65.7,0,4.49
1117800000,21.5,70.2,0,4.43
1118700000,24.9,100,0,4.33
1119600000,28.3,55.8,0,4.2
1120500000,27.4,56.6,0,4.04
1121400000,23.9,60.5,0,3.91
1122300000,23.9,60.5,0,3.82
1123200000,23.4,61.4,0,4
1124100000,23,64,0,3.87
1125000000,22.5,65,0,4.42
1125900000,22.1,65.9,0,4.36
1126800000,21.7,68.4,0,4.25
1127700000,21.3,69.9,0,4.16
1128600000,21,71.7,0,4.08
1129500000,20.7,73.7,0,3.98
1130400000,17.1,100,0,3.92
1131300000,22.4,73.8,0,3.86
