timestamp,temp,hum,rain,prev_sm,target_sm
0,23.9,74.6,0,29.16,28.77
900000,25,70.5,0,28.77,28.45
1800000,23.8,77.7,0,28.45,28.1
2700000,26.4,78.5,0,28.1,43.2
3600000,23.5,74,0.1,43.2,55.74
4500000,21.6,81.4,0.1,55.74,62.47
5400000,20.5,87,0.1,62.47,71.74
6300000,19.6,91.9,0.1,71.74,78.33
7200000,19.1,95.6,0.1,78.33,82.04
8100000,18.7,97.6,0.1,82.04,85.06
9000000,19.2,97.9,0.1,85.06,87.58
9900000,19.4,96.3,0.1,87.58,89.82
10800000,19.2,97.3,0.1,89.82,89.61
11700000,19.3,97.2,0,89.61,89.44
12600000,19.4,96.7,0,89.44,89.26
13500000,19.2,99.6,0,89.26,89.07
14400000,18,99,0,89.07,88.82
15300000,16.9,100,0,88.82,88.62
16200000,16.8,100,0,88.62,88.48
17100000,16.6,100,0,88.48,88.28
18000000,17,100,0,88.28,88.07
18900000,17.3,100,0,88.07,87.82
19800000,17.3,100,0,87.82,87.68
20700000,17.4,100,0,87.68,87.45
21600000,17.4,100,0,87.45,87.22
22500000,17.4,100,0,87.22,86.96
23400000,17.1,100,0,86.96,86.72
24300000,17,100,0,86.72,86.53
25200000,17.2,100,0,86.53,86.39
26100000,17.2,100,0,86.39,86.2
27000000,17.5,100,0,86.2,85.97
27900000,17.7,100,0,85.97,85.7
28800000,17.6,100,0,85.7,85.49
29700000,17.1,100,0,85.49,85.3
30600000,16.7,100,0,85.3,85.15
31500000,16.8,100,0,85.15,84.94
32400000,16.9,100,0,84.94,84.71
33300000,17,100,0,84.71,84.45
34200000,16.9,100,0,84.45,84.22
35100000,16.9,100,0,84.22,84.01
36000000,16.5,100,0,84.01,83.8
36900000,16.3,100,0,83.8,83.59
37800000,16.2,100,0,83.59,83.43
38700000,16.2,100,0,83.43,83.29
39600000,16.1,100,0,83.29,83.07
40500000,16.1,100,0,83.07,82.9
41400000,16,100,0,82.9,82.73
42300000,15.9,100,0,82.73,82.55
43200000,15.9,100,0,82.55,82.32
44100000,16.1,100,0,82.32,82.12
45000000,16.2,100,0,82.12,81.94
45900000,16.6,100,0,81.94,81.74
46800000,17.3,100,0,81.74,85.26
47700000,18.3,100,0.1,85.26,87.51
48600000,18.9,99.7,0.1,87.51,89.52
49500000,19.6,98.5,0.1,89.52,91.12
50400000,19.6,97.6,0.1,91.12,90.89
51300000,19.2,98.1,0,90.89,90.72
52200000,19.9,96.9,0,90.72,90.48
53100000,21.9,93.7,0,90.48,90.14
54000000,22.5,88.3,0,90.14,89.68
54900000,28.1,70.5,0,89.68,89.31
55800000,27,70.8,0,89.31,88.92
56700000,24.7,78,0,88.92,88.45
57600000,27.5,70,0,88.45,87.85
58500000,33,52.8,0,87.85,87.32
59400000,30.2,56.3,0,87.32,86.83
60300000,26.8,67.3,0,86.83,86.25
61200000,31.3,55.2,0,86.25,88.9
62100000,27.8,65.7,0.1,88.9,91.47
63000000,38.1,44.4,0.1,91.47,93.48
63900000,42,37.3,0.1,93.48,94.47
64800000,45.6,34.8,0.1,94.47,95.58
65700000,46,32.4,0.1,95.58,96.43
66600000,47,33.8,0.1,96.43,97.04
67500000,46.9,33.6,0.1,97.04,97.52
68400000,38.7,41.4,0.1,97.52,97.05
69300000,29.3,60.1,0,97.05,96.1
70200000,42,36.1,0,96.1,94.96
71100000,46,31.6,0,94.96,93.87
72000000,45,30.4,0,93.87,93.17
72900000,35.1,45.1,0,93.17,92.69
73800000,28.1,56.8,0,92.69,92.26
74700000,28,63.7,0,92.26,91.71
75600000,28.9,60,0,91.71,93.19
76500000,27.4,63.2,0.1,93.19,94.83
77400000,26.4,65.5,0.1,94.83,95.73
78300000,24.3,75,0.1,95.73,96.43
79200000,21.5,88.1,0.1,96.43,96.24
80100000,20.9,91.3,0,96.24,96.07
81000000,20.3,92,0,96.07,95.82
81900000,19.7,92.5,0,95.82,95.59
82800000,19.9,94.5,0,95.59,95.35
83700000,20.9,91.1,0,95.35,95.11
84600000,20.1,90.7,0,95.11,94.87
85500000,19.6,93.4,0,94.87,94.66
86400000,19.2,93.9,0,94.66,94.47
87300000,19,95,0,94.47,94.31
88200000,18.8,96.1,0,94.31,94.15
89100000,18.7,96.7,0,94.15,94
90000000,18.5,97.1,0,94,93.85
90900000,18.4,97.8,0,93.85,93.67
91800000,18.3,98.4,0,93.67,93.54
92700000,18.2,98.6,0,93.54,93.29
93600000,18.1,99.1,0,93.29,93.1
94500000,18,99.3,0,93.1,92.89
95400000,18,99.5,0,92.89,92.69
96300000,17.9,99.8,0,92.69,92.48
97200000,17.8,100,0,92.48,92.25
98100000,17.8,100,0,92.25,92.09
99000000,17.8,100,0,92.09,91.88
99900000,17.8,100,0,91.88,91.66
100800000,17.9,100,0,91.66,91.47
101700000,18,100,0,91.47,91.24
102600000,18,100,0,91.24,91.06
103500000,18,100,0,91.06,90.8
104400000,18.1,100,0,90.8,90.64
105300000,18.1,100,0,90.64,90.44
106200000,18.1,100,0,90.44,90.28
107100000,18.1,100,0,90.28,90.09
108000000,18.1,100,0,90.09,89.88
108900000,18,100,0,89.88,89.66
109800000,18,100,0,89.66,89.42
110700000,18,100,0,89.42,89.21
111600000,18,100,0,89.21,89.08
112500000,18,100,0,89.08,88.92
113400000,17.9,100,0,88.92,88.73
114300000,17.9,100,0,88.73,88.53
115200000,17.8,100,0,88.53,88.31
116100000,17.6,100,0,88.31,88.07
117000000,17.6,100,0,88.07,87.93
117900000,17.5,100,0,87.93,87.8
118800000,17.5,100,0,87.8,87.59
119700000,17.5,100,0,87.59,87.36
120600000,17.5,100,0,87.36,87.11
121500000,17.5,100,0,87.11,86.9
122400000,17.5,100,0,86.9,86.65
123300000,17.5,100,0,86.65,86.49
124200000,17.4,100,0,86.49,86.28
125100000,17.4,100,0,86.28,86.11
126000000,17.4,100,0,86.11,85.9
126900000,17.4,100,0,85.9,85.75
127800000,17.4,100,0,85.75,85.47
128700000,17.3,100,0,85.47,85.3
129600000,17.4,100,0,85.3,85.09
130500000,17.6,100,0,85.09,84.86
131400000,17.8,100,0,84.86,84.7
132300000,18.3,100,0,84.7,84.5
133200000,18.5,99.2,0,84.5,84.26
134100000,18.6,96.3,0,84.26,84.08
135000000,18.2,97.5,0,84.08,83.88
135900000,18.1,98.9,0,83.88,83.69
136800000,18.3,99.1,0,83.69,83.49
137700000,19,96.8,0,83.49,83.34
138600000,19.4,95.1,0,83.34,83.18
139500000,19.8,90.9,0,83.18,82.95
140400000,20.3,89.4,0,82.95,82.7
141300000,20.2,90.7,0,82.7,82.55
142200000,20.7,84.6,0,82.55,82.31
143100000,20.6,84.6,0,82.31,82.04
144000000,22.6,82.5,0,82.04,81.78
144900000,22.8,80.2,0,81.78,81.44
145800000,24.1,77.9,0,81.44,81.08
146700000,24.5,74.9,0,81.08,80.7
147600000,25.3,70.3,0,80.7,85.48
148500000,26.6,68.8,0.1,85.48,85.05
149400000,26,69,0,85.05,84.57
150300000,26.7,65.7,0,84.57,84.09
151200000,27.2,61.9,0,84.09,83.64
152100000,29.5,54.7,0,83.64,83.06
153000000,30.4,53.2,0,83.06,82.46
153900000,30.9,52.6,0,82.46,81.89
154800000,31,55.8,0,81.89,81.42
155700000,28.2,55.8,0,81.42,80.87
156600000,28.9,54,0,80.87,80.25
157500000,31.3,50,0,80.25,79.73
158400000,29.3,52.2,0,79.73,79.2
159300000,29.1,53.8,0,79.2,78.78
160200000,27.2,55,0,78.78,78.41
161100000,25.4,58,0,78.41,78.04
162000000,25,58,0,78.04,77.66
162900000,24.7,60.3,0,77.66,77.27
163800000,24.7,62.3,0,77.27,76.9
164700000,24.8,62.8,0,76.9,76.56
165600000,24.8,62.7,0,76.56,76.24
166500000,23.9,68.6,0,76.24,75.86
167400000,23.6,70.5,0,75.86,75.6
168300000,22.4,75.1,0,75.6,75.37
169200000,21.7,78.3,0,75.37,75.08
170100000,21.3,79.9,0,75.08,74.91
171000000,20.8,80.5,0,74.91,74.75
171900000,20.4,82.9,0,74.75,74.51
172800000,20.1,85,0,74.51,74.33
173700000,19.8,86.7,0,74.33,74.14
174600000,19.5,88.7,0,74.14,73.88
175500000,19.3,89.8,0,73.88,73.67
176400000,19,90.8,0,73.67,73.47
177300000,18.8,91.8,0,73.47,73.27
178200000,18.6,92.8,0,73.27,73.12
179100000,18.4,93,0,73.12,72.95
180000000,18.3,94.6,0,72.95,72.68
180900000,18.4,94.9,0,72.68,72.43
181800000,18.4,93.9,0,72.43,72.28
182700000,18.4,93.8,0,72.28,72.1
183600000,18.2,93.9,0,72.1,71.9
184500000,18.1,94.4,0,71.9,71.7
185400000,17.9,95.3,0,71.7,71.5
186300000,17.8,96.3,0,71.5,71.24
187200000,17.7,96.9,0,71.24,71.08
188100000,17.6,97.7,0,71.08,70.93
189000000,17.6,98.3,0,70.93,70.68
189900000,17.6,99,0,70.68,70.48
190800000,17.7,99.7,0,70.48,70.35
191700000,17.8,100,0,70.35,70.18
192600000,17.9,100,0,70.18,70.03
193500000,18,100,0,70.03,69.8
194400000,18,99.7,0,69.8,69.53
195300000,17.9,99,0,69.53,69.38
196200000,17.8,97.7,0,69.38,69.14
197100000,17.7,97.3,0,69.14,68.92
198000000,17.5,97.4,0,68.92,68.73
198900000,17.4,98.2,0,68.73,68.53
199800000,17.3,99,0,68.53,68.33
200700000,17.2,99.2,0,68.33,68.17
201600000,17,99.1,0,68.17,68.02
202500000,16.8,98.6,0,68.02,67.85
203400000,16.6,98.1,0,67.85,67.64
204300000,16.5,98.1,0,67.64,67.49
205200000,16.3,98.1,0,67.49,67.25
206100000,16.2,98,0,67.25,67.11
207000000,16,97.8,0,67.11,66.98
207900000,15.8,97.5,0,66.98,66.72
208800000,15.7,98.1,0,66.72,66.6
209700000,15.6,99.3,0,66.6,66.4
210600000,15.5,99.4,0,66.4,66.21
211500000,15.5,99.8,0,66.21,65.98
212400000,15.5,100,0,65.98,65.76
213300000,15.7,100,0,65.76,65.54
214200000,15.8,100,0,65.54,65.38
215100000,16,100,0,65.38,65.21
216000000,16.7,100,0,65.21,65.06
216900000,17,97.2,0,65.06,64.88
217800000,17.8,95.3,0,64.88,64.73
218700000,18.4,92.1,0,64.73,64.51
219600000,19.3,91.3,0,64.51,64.25
220500000,20.1,85.6,0,64.25,64.06
221400000,21,83.4,0,64.06,63.87
222300000,21.8,80.7,0,63.87,63.65
223200000,23,76.6,0,63.65,63.42
224100000,23.1,73.6,0,63.42,70.83
225000000,22.3,76.2,0.1,70.83,78.1
225900000,25,70.2,0.1,78.1,81.55
226800000,24.6,66.9,0.1,81.55,85.34
227700000,25,65.5,0.1,85.34,84.87
228600000,26.3,61.6,0,84.87,84.35
229500000,29.2,55.9,0,84.35,83.8
230400000,30.5,57,0,83.8,83.31
231300000,29.1,56.3,0,83.31,85.89
232200000,30.1,51.3,0.1,85.89,88.4
233100000,30.2,51.7,0.1,88.4,91.24
234000000,31.7,50.9,0.1,91.24,93.34
234900000,32.5,50.1,0.1,93.34,94.64
235800000,32.1,52.5,0.1,94.64,95.78
236700000,33.1,46.6,0.1,95.78,96.53
237600000,30.3,52.2,0.1,96.53,97.11
238500000,32.2,49.9,0.1,97.11,96.41
239400000,34,47.3,0,96.41,95.72
240300000,32.9,46.6,0,95.72,95.01
241200000,34.3,47.1,0,95.01,94.3
242100000,34.2,43.6,0,94.3,95.33
243000000,32.7,46.8,0.1,95.33,96.41
243900000,28.9,51.8,0.1,96.41,95.89
244800000,27.8,58.8,0,95.89,95.4
245700000,27.8,60.3,0,95.4,94.95
246600000,26.5,59.5,0,94.95,94.51
247500000,26.2,62.3,0,94.51,94.09
248400000,26,60.8,0,94.09,93.71
249300000,25.5,59.9,0,93.71,93.36
250200000,25.1,60.4,0,93.36,92.92
251100000,24.7,63.4,0,92.92,92.55
252000000,24.3,63.5,0,92.55,92.2
252900000,23.9,66.4,0,92.2,91.84
253800000,23.6,68.9,0,91.84,91.52
254700000,23.1,68.5,0,91.52,91.3
255600000,22.7,71.1,0,91.3,91.03
256500000,22.2,73,0,91.03,90.72
257400000,21.8,74.6,0,90.72,90.48
258300000,21.5,76.6,0,90.48,90.18
259200000,21.2,77.3,0,90.18,89.92
260100000,20.9,78.7,0,89.92,89.66
261000000,20.7,80.9,0,89.66,89.48
261900000,20.5,82.9,0,89.48,89.25
262800000,20.2,84.2,0,89.25,89.1
263700000,20.1,84.6,0,89.1,88.92
264600000,19.9,86.3,0,88.92,88.75
265500000,19.7,87.6,0,88.75,88.55
266400000,19.5,89,0,88.55,88.3
267300000,19.3,90.2,0,88.3,88.1
268200000,19.2,90.8,0,88.1,87.89
269100000,19.1,91.6,0,87.89,87.64
270000000,19,92.5,0,87.64,87.44
270900000,19.1,93.2,0,87.44,87.26
271800000,19.2,92.8,0,87.26,87.07
272700000,19.3,92.1,0,87.07,86.82
273600000,19.3,91.7,0,86.82,86.64
274500000,19.1,92,0,86.64,86.46
275400000,18.8,93,0,86.46,86.26
276300000,18.6,93.9,0,86.26,86.13
277200000,18.3,94.6,0,86.13,85.91
278100000,18.1,95.2,0,85.91,85.75
279000000,18,96,0,85.75,85.54
279900000,17.9,97,0,85.54,85.3
280800000,17.7,97,0,85.3,85.12
281700000,17.7,97.6,0,85.12,84.93
282600000,17.7,97.6,0,84.93,84.77
283500000,17.6,97.6,0,84.77,84.59
284400000,17.5,98,0,84.59,84.35
285300000,17.4,98.4,0,84.35,84.11
286200000,17.4,98.7,0,84.11,83.9
287100000,17.3,98.8,0,83.9,83.72
288000000,17.2,98.7,0,83.72,83.52
288900000,17.4,99.5,0,83.52,83.35
289800000,17.5,99.4,0,83.35,83.17
290700000,17.7,98.9,0,83.17,82.98
291600000,17.8,98.7,0,82.98,82.85
292500000,17.9,98.2,0,82.85,82.61
293400000,17.9,97.5,0,82.61,82.4
294300000,17.9,97.5,0,82.4,82.23
295200000,17.8,97.6,0,82.23,82.02
296100000,17.6,97.4,0,82.02,81.83
297000000,17.5,98.5,0,81.83,81.64
297900000,17.5,99.4,0,81.64,81.42
298800000,17.5,100,0,81.42,81.24
299700000,17.6,100,0,81.24,81.07
300600000,17.5,99.9,0,81.07,80.88
301500000,17.5,99.5,0,80.88,80.68
302400000,17.6,99.1,0,80.68,80.51
303300000,18.1,99,0,80.51,80.29
304200000,18.5,97.3,0,80.29,80.1
305100000,19,93.7,0,80.1,79.94
306000000,19,93.8,0,79.94,79.75
306900000,19.4,92.6,0,79.75,79.61
307800000,20.4,87.9,0,79.61,79.4
308700000,20.4,85.9,0,79.4,79.15
309600000,20.7,84.6,0,79.15,78.93
310500000,21.6,81.7,0,78.93,78.69
311400000,21.5,81.2,0,78.69,78.41
312300000,21.6,82.2,0,78.41,78.1
313200000,23.6,73.8,0,78.1,77.72
314100000,24.7,74.6,0,77.72,77.33
315000000,27.1,66.2,0,77.33,76.76
315900000,29.7,57,0,76.76,76.19
316800000,30.8,53.5,0,76.19,75.63
317700000,30.2,52.1,0,75.63,75.12
318600000,29.4,53.9,0,75.12,74.59
319500000,31.2,55.2,0,74.59,74.05
320400000,30.9,50.9,0,74.05,73.49
321300000,31.6,50.2,0,73.49,72.91
322200000,32,56.4,0,72.91,79.6
323100000,32.2,60.5,0.1,79.6,84.42
324000000,32.6,48.2,0.1,84.42,88.03
324900000,32.6,45.6,0.1,88.03,90.14
325800000,33.2,47.2,0.1,90.14,89.44
326700000,35.4,47.4,0,89.44,88.73
327600000,33.7,45.4,0,88.73,88.06
328500000,32.7,45.2,0,88.06,87.36
329400000,32.7,47.6,0,87.36,86.74
330300000,32.3,48.3,0,86.74,86.16
331200000,30.2,55,0,86.16,85.68
332100000,29.5,55.5,0,85.68,85.19
333000000,29,58.7,0,85.19,84.74
333900000,28.1,59.6,0,84.74,84.24
334800000,27.4,60.7,0,84.24,83.78
335700000,27.1,59.8,0,83.78,83.42
336600000,26.9,58.2,0,83.42,83.03
337500000,26.8,65.5,0,83.03,82.63
338400000,26.6,58.4,0,82.63,82.2
339300000,26.1,64.5,0,82.2,81.82
340200000,25.1,67,0,81.82,81.51
341100000,24.5,72.1,0,81.51,81.18
342000000,24,73.7,0,81.18,80.91
342900000,23.4,73.3,0,80.91,80.54
343800000,22.9,76.3,0,80.54,80.32
344700000,22.4,78.3,0,80.32,80.07
345600000,22.1,82.4,0,80.07,79.87
346500000,21.6,86.7,0,79.87,79.63
347400000,21.1,87.5,0,79.63,79.47
348300000,20.7,88.6,0,79.47,79.24
349200000,20.4,89.9,0,79.24,79.08
350100000,20.2,90.5,0,79.08,78.91
351000000,20,91.5,0,78.91,78.71
351900000,19.8,92,0,78.71,78.5
352800000,19.7,92.3,0,78.5,78.27
353700000,19.5,93,0,78.27,78.13
354600000,19.4,93.4,0,78.13,77.95
355500000,19.2,94.3,0,77.95,77.72
356400000,19,94.4,0,77.72,77.59
357300000,18.9,95,0,77.59,77.36
358200000,18.8,95.7,0,77.36,77.22
359100000,18.6,95.6,0,77.22,77.01
360000000,18.5,96.3,0,77.01,76.8
360900000,18.4,96.8,0,76.8,76.62
361800000,18.2,97.1,0,76.62,76.46
362700000,18.2,97.9,0,76.46,76.31
363600000,18.1,98.3,0,76.31,76.12
364500000,18.1,98.4,0,76.12,75.96
365400000,18,98.4,0,75.96,75.83
366300000,17.9,99.1,0,75.83,75.66
367200000,17.9,100,0,75.66,75.4
368100000,17.8,99.8,0,75.4,75.24
369000000,17.9,100,0,75.24,80.74
369900000,18.1,100,0.1,80.74,84.86
370800000,18.2,100,0.1,84.86,88.18
371700000,18.1,100,0.1,88.18,90.6
372600000,18.1,100,0.1,90.6,92.24
373500000,18.1,100,0.1,92.24,93.68
374400000,18.2,100,0.1,93.68,94.74
375300000,18.2,100,0.1,94.74,96.01
376200000,18.3,100,0.1,96.01,96.84
377100000,18.4,100,0.1,96.84,97.44
378000000,18.5,100,0.1,97.44,97.94
378900000,18.4,100,0.1,97.94,97.85
379800000,18.4,100,0.1,97.85,97.64
380700000,18.3,100,0,97.64,97.39
381600000,18.3,100,0,97.39,97.19
382500000,18.2,100,0,97.19,97
383400000,18.1,100,0,97,97.73
384300000,18.1,100,0.1,97.73,97.85
385200000,18,100,0.1,97.85,98.9
386100000,17.9,100,0.1,98.9,99.19
387000000,18,100,0.1,99.19,99.63
387900000,18,100,0.2,99.63,97.76
388800000,18.1,100,0.2,97.76,99.43
389700000,18.1,99.2,0.2,99.43,99.62
390600000,18.3,97.9,0.2,99.62,98.69
391500000,18.4,97.6,0.1,98.69,98.42
392400000,19.3,96.3,0.1,98.42,98.27
393300000,19.8,93.8,0.1,98.27,97.51
394200000,20.2,92.9,0.1,97.51,97.29
395100000,20.8,91.8,0,97.29,97.08
396000000,21.2,87.5,0,97.08,96.84
396900000,21.3,85.2,0,96.84,96.55
397800000,21.6,85.6,0,96.55,97.15
398700000,21.3,84.1,0.1,97.15,97.7
399600000,21,88.5,0.1,97.7,97.91
400500000,21.6,84.8,0.1,97.91,98.46
401400000,21,86.9,0.1,98.46,98.14
402300000,22,85.9,0,98.14,97.85
403200000,22.7,83.7,0,97.85,97.52
404100000,25.5,74.9,0,97.52,97.14
405000000,27.2,68.8,0,97.14,96.69
405900000,27.7,65.7,0,96.69,96.31
406800000,27.5,67.4,0,96.31,95.78
407700000,29.8,61.6,0,95.78,95.23
408600000,31.8,55.7,0,95.23,94.75
409500000,29.6,61.1,0,94.75,94.13
410400000,32.3,55.3,0,94.13,93.42
411300000,35.8,46.3,0,93.42,92.71
412200000,33.3,49.1,0,92.71,94.37
413100000,34.9,48.2,0.1,94.37,95.47
414000000,33.4,49,0.1,95.47,96.39
414900000,34.7,49,0.1,96.39,97.09
415800000,35.5,43.5,0.1,97.09,97.64
416700000,34.5,48.7,0.1,97.64,97.86
417600000,31,52.6,0.1,97.86,99.48
418500000,29.1,60,0.1,99.48,98.36
419400000,27.8,62.5,0.1,98.36,97.96
420300000,26.8,65.5,0,97.96,97.5
421200000,26.4,65.7,0,97.5,97.13
422100000,26.3,68.1,0,97.13,96.68
423000000,25.8,66.8,0,96.68,96.28
423900000,25.9,68,0,96.28,95.82
424800000,25.6,67.5,0,95.82,95.49
425700000,25.7,68.4,0,95.49,95.14
426600000,25.6,76.1,0,95.14,94.75
427500000,25.3,68,0,94.75,94.41
428400000,25.1,68.4,0,94.41,94.04
429300000,24.6,69.6,0,94.04,93.73
430200000,23.7,71.8,0,93.73,93.45
431100000,22.9,74.6,0,93.45,93.09
432000000,22.3,79.8,0,93.09,92.85
432900000,21.7,83.1,0,92.85,92.63
433800000,21.2,85.1,0,92.63,92.39
434700000,20.7,86,0,92.39,92.16
435600000,20.4,87.7,0,92.16,91.95
436500000,20.1,89.7,0,91.95,91.77
437400000,19.8,90.9,0,91.77,91.6
438300000,19.6,92.4,0,91.6,91.42
439200000,19.5,93.8,0,91.42,91.21
440100000,19.5,95.3,0,91.21,90.98
441000000,19.4,94.8,0,90.98,90.85
441900000,19.2,94.6,0,90.85,90.68
442800000,19,94.2,0,90.68,90.45
443700000,18.8,94.6,0,90.45,90.28
444600000,18.7,95.4,0,90.28,90.08
445500000,18.8,96.7,0,90.08,89.88
446400000,18.9,97.1,0,89.88,89.68
447300000,19,96.7,0,89.68,89.45
448200000,18.9,95.5,0,89.45,89.24
449100000,18.6,94.9,0,89.24,88.97
450000000,18.3,95,0,88.97,88.74
450900000,18.1,95.6,0,88.74,88.55
451800000,18,96.3,0,88.55,88.29
452700000,18.1,98.1,0,88.29,88.11
453600000,18.1,98,0,88.11,87.9
454500000,17.9,97.1,0,87.9,87.7
455400000,17.8,97.8,0,87.7,87.46
456300000,17.8,98.2,0,87.46,87.21
457200000,17.6,98.5,0,87.21,87.02
458100000,17.7,99.5,0,87.02,86.84
459000000,17.7,99.2,0,86.84,86.58
459900000,17.5,97.7,0,86.58,86.35
460800000,17.4,97.3,0,86.35,86.15
461700000,17.2,97.9,0,86.15,85.98
462600000,17.3,98.9,0,85.98,85.8
463500000,17.4,99.2,0,85.8,85.62
464400000,17.5,99,0,85.62,85.39
465300000,17.5,99.2,0,85.39,85.18
466200000,17.5,98.9,0,85.18,85.02
467100000,17.4,98.9,0,85.02,84.86
468000000,17.3,99.1,0,84.86,84.64
468900000,17.2,98.8,0,84.64,84.38
469800000,17.2,99.6,0,84.38,84.24
470700000,17.1,100,0,84.24,84.06
471600000,17.2,100,0,84.06,83.84
472500000,17.1,100,0,83.84,83.63
473400000,17,100,0,83.63,83.4
474300000,16.9,100,0,83.4,83.18
475200000,16.8,99.6,0,83.18,83.05
476100000,16.8,99.8,0,83.05,82.92
477000000,17.1,100,0,82.92,82.7
477900000,17.6,99.3,0,82.7,82.53
478800000,18.7,96.3,0,82.53,82.33
479700000,19.3,93.4,0,82.33,82.13
480600000,19.6,90,0,82.13,81.87
481500000,19.5,89.5,0,81.87,85.48
482400000,20.2,87.3,0.1,85.48,87.98
483300000,20.4,84.1,0.1,87.98,87.73
484200000,21,82.2,0,87.73,87.54
485100000,21.4,79.9,0,87.54,87.08
486000000,25.6,65.2,0,87.08,86.66
486900000,27.1,63.8,0,86.66,86.24
487800000,28,57.7,0,86.24,85.86
488700000,26.6,62.1,0,85.86,85.42
489600000,26.6,61.6,0,85.42,84.99
490500000,27.4,57.3,0,84.99,84.44
491400000,28.7,56.2,0,84.44,83.76
492300000,31.7,51,0,83.76,83.1
493200000,32.4,50.1,0,83.1,82.47
494100000,32.2,49.1,0,82.47,81.64
495000000,37.3,41.2,0,81.64,80.77
495900000,37.4,41.1,0,80.77,80.06
496800000,35.3,42.7,0,80.06,79.79
497700000,20.7,75.1,0,79.79,79.59
498600000,20.4,79.5,0,79.59,79.36
499500000,19.8,82.2,0,79.36,79.24
500400000,19.6,84.5,0,79.24,79.11
501300000,19.1,86.1,0,79.11,78.95
502200000,18.7,88.1,0,78.95,78.76
503100000,18.4,89.9,0,78.76,78.59
504000000,18.2,92.6,0,78.59,78.4
504900000,18,92.6,0,78.4,78.22
505800000,18,91.9,0,78.22,77.99
506700000,17.4,94.5,0,77.99,77.79
507600000,17.2,96.2,0,77.79,77.55
508500000,17.3,95.8,0,77.55,77.37
509400000,17.4,95,0,77.37,77.18
510300000,17.5,96.3,0,77.18,76.97
511200000,17.5,96.9,0,76.97,76.86
512100000,17.3,97.8,0,76.86,76.66
513000000,17,98.1,0,76.66,76.09
513900000,29.4,66,0,76.09,75.42
514800000,32.6,49.6,0,75.42,74.89
515700000,30.5,64.7,0,74.89,74.3
516600000,31,61,0,74.3,73.87
517500000,27.1,54.5,0,73.87,73.35
518400000,31.1,51.8,0,73.35,77.96
519300000,33.2,45.8,0.1,77.96,83.35
520200000,33.6,43.8,0.1,83.35,86.93
521100000,33.9,43.7,0.1,86.93,89.68
522000000,35,41.2,0.1,89.68,91.76
522900000,33.1,43.9,0.1,91.76,93.19
523800000,36.1,39,0.1,93.19,94.33
524700000,36.2,39.8,0.1,94.33,95.3
525600000,36.3,39.8,0.1,95.3,96.1
526500000,36.8,36.8,0.1,96.1,96.99
527400000,33.6,41.6,0.1,96.99,97.54
528300000,31.3,45.9,0.1,97.54,97.93
529200000,28.6,49.3,0.1,97.93,97.44
530100000,27.6,52.4,0,97.44,96.97
531000000,27.8,51.8,0,96.97,96.54
531900000,27.2,51.1,0,96.54,96.07
532800000,27.3,49.3,0,96.07,95.68
533700000,27.2,52.8,0,95.68,95.25
534600000,26.9,52.2,0,95.25,94.81
535500000,26.8,51.6,0,94.81,94.34
536400000,26.7,50.9,0,94.34,93.85
537300000,26.5,50.9,0,93.85,93.5
538200000,26.3,50.7,0,93.5,93.08
539100000,25.9,53.6,0,93.08,92.66
540000000,25.6,52.7,0,92.66,92.24
540900000,25.2,55.3,0,92.24,91.87
541800000,24.8,54.9,0,91.87,91.57
542700000,24.3,57.5,0,91.57,91.2
543600000,23.8,60.5,0,91.2,90.93
544500000,23.3,63,0,90.93,90.7
545400000,22.8,66.8,0,90.7,90.41
546300000,22.4,69.4,0,90.41,90.16
547200000,21.9,72.1,0,90.16,89.94
548100000,21.6,74.2,0,89.94,89.67
549000000,21.2,75.8,0,89.67,89.42
549900000,21,78.5,0,89.42,89.21
550800000,20.7,80.4,0,89.21,88.97
551700000,20.5,81.4,0,88.97,88.74
552600000,20.4,85.7,0,88.74,88.52
553500000,20.4,85.8,0,88.52,88.16
554400000,23.1,79.9,0,88.16,87.85
555300000,22.8,72.3,0,87.85,87.52
556200000,25.7,61.8,0,87.52,87.14
557100000,25.8,61.6,0,87.14,86.69
558000000,25.8,61.5,0,86.69,86.28
558900000,25.9,62.2,0,86.28,85.83
559800000,25.8,61.7,0,85.83,85.47
560700000,25.6,62.7,0,85.47,85.03
561600000,25.7,65.8,0,85.03,84.62
562500000,27,59.1,0,84.62,84.17
563400000,27.8,57.3,0,84.17,83.75
564300000,27.8,57,0,83.75,83.31
565200000,28,58.4,0,83.31,82.83
566100000,28.6,56.3,0,82.83,87.01
567000000,37.7,39.9,0.1,87.01,89.09
567900000,36.9,41.5,0.1,89.09,91.75
568800000,36.5,40.5,0.1,91.75,93.55
569700000,34.4,42,0.1,93.55,94.56
570600000,36.3,39.3,0.1,94.56,95.54
571500000,31.8,47.3,0.1,95.54,94.98
572400000,28.8,50.7,0,94.98,94.45
573300000,28.8,50.7,0,94.45,93.91
574200000,28.4,48.8,0,93.91,93.42
575100000,28.3,49.7,0,93.42,92.91
576000000,28.2,50.7,0,92.91,92.48
576900000,28,50.5,0,92.48,92.01
577800000,28,51.8,0,92.01,91.55
578700000,28.1,51.3,0,91.55,91.05
579600000,28.2,49.9,0,91.05,90.56
580500000,27.9,51.2,0,90.56,90.02
581400000,28,51.3,0,90.02,89.54
582300000,27.4,51.9,0,89.54,89.07
583200000,27.4,51.9,0,89.07,88.6
584100000,27.4,51.8,0,88.6,88.14
585000000,27.3,52.1,0,88.14,87.75
585900000,27.1,54,0,87.75,87.33
586800000,27.2,52.9,0,87.33,86.83
587700000,27.2,53.5,0,86.83,86.36
588600000,27.1,53.1,0,86.36,85.95
589500000,27.5,52.9,0,85.95,85.55
590400000,27.1,55.2,0,85.55,85.13
591300000,26.3,57.2,0,85.13,84.79
592200000,25.8,58.4,0,84.79,84.44
593100000,25.3,59.8,0,84.44,84.12
594000000,24.8,59.7,0,84.12,83.83
594900000,24.3,62.8,0,83.83,83.5
595800000,23.3,65.9,0,83.5,83.18
596700000,23.3,66.3,0,83.18,82.82
597600000,23.3,65.5,0,82.82,82.58
598500000,23.3,65.5,0,82.58,82.28
599400000,23.3,66.1,0,82.28,81.96
600300000,22.7,67.5,0,81.96,81.73
601200000,22.2,70,0,81.73,81.45
602100000,21.9,73.2,0,81.45,81.16
603000000,21.5,75.6,0,81.16,85.08
603900000,21.2,78.2,0.1,85.08,87.72
604800000,20.9,79.9,0.1,87.72,90.54
605700000,20.6,81.1,0.1,90.54,92.26
606600000,20.4,82,0.1,92.26,92.02
607500000,20.1,83.2,0,92.02,91.85
608400000,20,84,0,91.85,91.66
609300000,19.7,85.1,0,91.66,91.5
610200000,19.4,86.6,0,91.5,91.28
611100000,19.2,87.8,0,91.28,91.13
612000000,19.1,88.7,0,91.13,90.95
612900000,18.9,89.5,0,90.95,90.67
613800000,18.8,90.3,0,90.67,90.48
614700000,18.7,91.3,0,90.48,90.26
615600000,18.4,92.1,0,90.26,90.1
616500000,18.4,92.7,0,90.1,89.86
617400000,18.2,93.4,0,89.86,89.64
618300000,18,94.2,0,89.64,89.48
619200000,18,94.9,0,89.48,89.32
620100000,18,94.9,0,89.32,89.12
621000000,18,94.9,0,89.12,88.93
621900000,17.9,95.3,0,88.93,88.78
622800000,17.8,95.7,0,88.78,88.52
623700000,17.8,96.4,0,88.52,88.24
624600000,17.7,96.1,0,88.24,88.05
625500000,17.6,96.1,0,88.05,87.83
626400000,17.4,96.8,0,87.83,87.59
627300000,17.4,97.1,0,87.59,87.32
628200000,17.4,97.5,0,87.32,87.09
629100000,17.3,97.7,0,87.09,86.85
630000000,17.4,98,0,86.85,86.64
630900000,17.3,98.4,0,86.64,86.38
631800000,17.2,99.4,0,86.38,86.21
632700000,17.5,99.6,0,86.21,86.07
633600000,17.7,99.3,0,86.07,85.94
634500000,17.8,98.7,0,85.94,85.73
635400000,17.8,98.3,0,85.73,85.51
636300000,17.8,98.7,0,85.51,85.32
637200000,17.7,98.3,0,85.32,85.07
638100000,17.7,97.6,0,85.07,84.86
639000000,17.7,97.2,0,84.86,84.62
639900000,17.7,97.5,0,84.62,84.37
640800000,17.7,97.3,0,84.37,84.2
641700000,17.7,97.1,0,84.2,84.03
642600000,17.6,97.4,0,84.03,83.83
643500000,17.7,97.3,0,83.83,83.62
644400000,17.9,97,0,83.62,83.47
645300000,18.1,96.2,0,83.47,83.35
646200000,18.3,95.7,0,83.35,83.14
647100000,18.8,93.2,0,83.14,82.91
648000000,19.3,90.7,0,82.91,82.71
648900000,19.9,89.9,0,82.71,82.49
649800000,20.2,87.5,0,82.49,82.3
650700000,20.4,86.8,0,82.3,82.1
651600000,21.2,84.9,0,82.1,81.86
652500000,21.2,82.8,0,81.86,81.62
653400000,22.8,77.3,0,81.62,81.26
654300000,22.6,77.2,0,81.26,80.95
655200000,24.9,70.5,0,80.95,80.61
656100000,25.8,67.4,0,80.61,80.19
657000000,25.7,65.2,0,80.19,79.76
657900000,25.5,66.8,0,79.76,79.31
658800000,26.8,58.8,0,79.31,78.73
659700000,29.7,51.4,0,78.73,78.17
660600000,31.6,48.8,0,78.17,77.58
661500000,32.2,50.2,0,77.58,81.67
662400000,29.9,53.3,0.1,81.67,85.84
663300000,32.2,49,0.1,85.84,88.15
664200000,32.8,47.3,0.1,88.15,91.08
665100000,34.4,47.5,0.1,91.08,90.39
666000000,33.5,45.3,0,90.39,89.81
666900000,31.2,49.9,0,89.81,89.13
667800000,33.4,45.7,0,89.13,88.55
668700000,29.6,48.2,0,88.55,88.05
669600000,29.6,51.1,0,88.05,87.48
670500000,29.2,53.8,0,87.48,87
671400000,28,51.9,0,87,86.52
672300000,27.6,55.1,0,86.52,86.1
673200000,27.3,52.9,0,86.1,85.62
674100000,27.1,53.5,0,85.62,85.11
675000000,27.2,52.5,0,85.11,84.67
675900000,27.5,50.6,0,84.67,84.27
676800000,27,54,0,84.27,83.76
677700000,26.5,55,0,83.76,83.39
678600000,25.9,58.4,0,83.39,82.94
679500000,25.6,60.1,0,82.94,82.51
680400000,25.3,59.1,0,82.51,82.22
681300000,24.8,59.9,0,82.22,81.78
682200000,24.5,60,0,81.78,81.39
683100000,24.4,61.2,0,81.39,81.01
684000000,24,64.1,0,81.01,80.69
684900000,23.4,65.7,0,80.69,80.34
685800000,22.9,68.2,0,80.34,80.09
686700000,22.4,71,0,80.09,79.77
687600000,22.1,71.9,0,79.77,79.53
688500000,21.7,73.9,0,79.53,79.33
689400000,21.5,75.9,0,79.33,79.12
690300000,21.3,77.8,0,79.12,78.93
691200000,21.2,79.2,0,78.93,78.7
692100000,20.9,79.7,0,78.7,78.46
693000000,20.6,80.9,0,78.46,78.27
693900000,20.3,83.6,0,78.27,78.02
694800000,19.9,84.4,0,78.02,77.79
695700000,19.7,86.1,0,77.79,77.55
696600000,19.7,86.8,0,77.55,77.33
697500000,19.7,88.3,0,77.33,77.08
698400000,19.5,89.5,0,77.08,76.91
699300000,19.5,89.6,0,76.91,76.79
700200000,19.3,90,0,76.79,76.63
701100000,19.3,90,0,76.63,76.41
702000000,19.2,89.7,0,76.41,76.21
702900000,19,90.5,0,76.21,76.01
703800000,18.8,91.6,0,76.01,75.82
704700000,18.5,92.9,0,75.82,75.61
705600000,18.3,94.1,0,75.61,75.44
706500000,18.1,94.9,0,75.44,75.29
707400000,17.9,95.2,0,75.29,75.12
708300000,17.8,95.6,0,75.12,74.93
709200000,17.7,96.3,0,74.93,74.7
710100000,17.9,95.8,0,74.7,74.48
711000000,17.9,95.8,0,74.48,74.27
711900000,18,96.4,0,74.27,74.12
712800000,18.1,94.7,0,74.12,73.92
713700000,18.2,94.1,0,73.92,73.71
714600000,18.2,93.7,0,73.71,73.48
715500000,18.2,93.6,0,73.48,73.24
716400000,18.2,93.7,0,73.24,73.05
717300000,18.1,93.9,0,73.05,72.86
718200000,17.8,94.5,0,72.86,72.67
719100000,17.5,95.5,0,72.67,72.47
720000000,17.2,95.9,0,72.47,72.28
720900000,17,97.7,0,72.28,72.11
721800000,17.1,98.8,0,72.11,71.97
722700000,17.1,99.5,0,71.97,71.71
723600000,17.2,99.3,0,71.71,71.43
724500000,17.3,99.9,0,71.43,71.17
725400000,17.4,99.8,0,71.17,71.01
726300000,17.2,99.6,0,71.01,70.82
727200000,17,99.6,0,70.82,70.66
728100000,16.9,100,0,70.66,70.44
729000000,16.8,100,0,70.44,70.25
729900000,16.9,100,0,70.25,70.07
730800000,17,100,0,70.07,69.88
731700000,17.1,99.7,0,69.88,69.63
732600000,17.4,98.7,0,69.63,69.45
733500000,17.7,97.2,0,69.45,69.29
734400000,18.2,96.1,0,69.29,69.15
735300000,18.8,94.6,0,69.15,68.98
736200000,19.4,91,0,68.98,68.74
737100000,20,86.8,0,68.74,68.55
738000000,20.4,84.8,0,68.55,68.31
738900000,21.5,80.5,0,68.31,67.99
739800000,21.6,77.5,0,67.99,67.72
740700000,23.3,72.9,0,67.72,67.38
741600000,24.8,68.5,0,67.38,66.92
742500000,26.2,62,0,66.92,66.41
743400000,30,52.7,0,66.41,65.88
744300000,30.8,50.8,0,65.88,65.38
745200000,29.3,55.2,0,65.38,64.85
746100000,31,51.5,0,64.85,64.4
747000000,27.5,54.8,0,64.4,63.87
747900000,30.9,48.1,0,63.87,63.23
748800000,30.8,50.9,0,63.23,62.75
749700000,27.9,54.7,0,62.75,62.24
750600000,28.9,54.3,0,62.24,61.66
751500000,29.9,49.3,0,61.66,61.14
752400000,29.9,49.7,0,61.14,60.62
753300000,30.1,49.8,0,60.62,59.98
754200000,34.1,43.4,0,59.98,59.28
755100000,34.5,39.9,0,59.28,58.56
756000000,34.6,39.9,0,58.56,57.69
756900000,36.9,37.3,0,57.69,56.91
757800000,38.2,38,0,56.91,56.15
758700000,35.4,38.1,0,56.15,55.42
759600000,35.4,37.1,0,55.42,54.66
760500000,33.9,45.1,0,54.66,54.16
761400000,28.7,47.9,0,54.16,53.65
762300000,28.2,47.9,0,53.65,53.13
763200000,28.2,51.8,0,53.13,52.59
764100000,28.2,50.3,0,52.59,52.14
765000000,27.8,49,0,52.14,51.67
765900000,27.5,49.7,0,51.67,51.25
766800000,26.3,52.4,0,51.25,50.85
767700000,26.3,52.4,0,50.85,50.42
768600000,26.3,53.7,0,50.42,49.98
769500000,26.2,52,0,49.98,49.61
770400000,26.2,52,0,49.61,49.13
771300000,26,52.2,0,49.13,48.69
772200000,25.6,53.2,0,48.69,48.28
773100000,24.9,55.1,0,48.28,47.96
774000000,24.3,59.3,0,47.96,47.67
774900000,23.3,69.7,0,47.67,47.38
775800000,22.6,74.1,0,47.38,47.12
776700000,22.4,74.8,0,47.12,46.91
777600000,22.3,74.3,0,46.91,46.59
778500000,22.3,74.3,0,46.59,46.28
779400000,22.1,73.6,0,46.28,45.97
780300000,21.9,72.6,0,45.97,45.66
781200000,21.5,74.5,0,45.66,45.41
782100000,21.2,76.5,0,45.41,45.12
783000000,21,78.1,0,45.12,44.89
783900000,20.8,79,0,44.89,44.65
784800000,20.7,79.6,0,44.65,44.38
785700000,20.7,79.4,0,44.38,44.17
786600000,20.7,78.7,0,44.17,43.97
787500000,20.4,79.8,0,43.97,43.8
788400000,20.2,81.1,0,43.8,43.64
789300000,20,82.3,0,43.64,43.38
790200000,19.8,83.6,0,43.38,43.1
791100000,19.7,84.5,0,43.1,42.86
792000000,19.7,85.3,0,42.86,42.65
792900000,19.6,85.7,0,42.65,42.45
793800000,19.4,86.3,0,42.45,42.23
794700000,19.1,88.4,0,42.23,42.02
795600000,18.8,88.6,0,42.02,41.78
796500000,18.7,89.8,0,41.78,41.55
797400000,18.6,89.9,0,41.55,41.29
798300000,18.5,90.2,0,41.29,41.08
799200000,18.4,90.8,0,41.08,40.89
800100000,18.4,91.1,0,40.89,40.64
801000000,18.5,91.6,0,40.64,40.43
801900000,18.5,91.7,0,40.43,40.26
802800000,18.6,91.5,0,40.26,40.06
803700000,18.5,92.6,0,40.06,39.94
804600000,18.3,93.6,0,39.94,39.77
805500000,18.2,94.5,0,39.77,39.56
806400000,18.2,94.7,0,39.56,39.35
807300000,18,94.7,0,39.35,39.21
808200000,17.9,95.2,0,39.21,39.04
809100000,18,96.3,0,39.04,38.8
810000000,18.1,95.5,0,38.8,38.67
810900000,18,95.4,0,38.67,38.44
811800000,17.9,96.2,0,38.44,38.15
812700000,17.9,96.8,0,38.15,37.97
813600000,17.6,100,0,37.97,37.77
814500000,17.1,100,0,37.77,37.59
815400000,16.8,100,0,37.59,37.44
816300000,16.7,100,0,37.44,37.29
817200000,16.7,100,0,37.29,37.06
818100000,16.7,100,0,37.06,36.84
819000000,16.8,100,0,36.84,36.63
819900000,16.9,100,0,36.63,36.41
820800000,17,100,0,36.41,36.16
821700000,17.1,100,0,36.16,35.98
822600000,17.2,100,0,35.98,35.82
823500000,17.4,100,0,35.82,35.62
824400000,17.8,100,0,35.62,35.46
825300000,18,100,0,35.46,35.22
826200000,18.1,100,0,35.22,35.05
827100000,20.4,92,0,35.05,34.88
828000000,20.4,91.1,0,34.88,34.61
828900000,21.5,82.8,0,34.61,34.33
829800000,24.1,76.3,0,34.33,33.99
830700000,24.2,70.6,0,33.99,33.53
831600000,26.8,65.1,0,33.53,47.14
832500000,29.5,54.8,0.1,47.14,57.47
833400000,30,50.7,0.1,57.47,67.44
834300000,31.8,46.7,0.1,67.44,66.97
835200000,29,49.7,0,66.97,66.4
836100000,30.9,49.8,0,66.4,65.82
837000000,30.2,46.6,0,65.82,65.19
837900000,32.6,43.1,0,65.19,64.61
838800000,31.6,47.1,0,64.61,63.99
839700000,31.9,45.4,0,63.99,63.27
840600000,33.4,39.9,0,63.27,62.6
841500000,33,41.7,0,62.6,62.02
842400000,32.3,41.4,0,62.02,61.5
843300000,31.4,41.6,0,61.5,60.98
844200000,29.5,45.5,0,60.98,60.52
845100000,27.9,47.8,0,60.52,60.05
846000000,27.6,43.8,0,60.05,59.62
846900000,27.8,46.7,0,59.62,59.21
847800000,27.4,48.3,0,59.21,58.77
848700000,27.4,48,0,58.77,58.33
849600000,27.3,49.3,0,58.33,57.81
850500000,27.3,51.3,0,57.81,57.35
851400000,27.6,51.2,0,57.35,56.86
852300000,27.7,50.3,0,56.86,56.38
853200000,27.8,50,0,56.38,55.17
854100000,49.8,26.8,0,55.17,53.93
855000000,48.7,26.2,0,53.93,53.25
855900000,33.6,37.7,0,53.25,52.74
856800000,29.2,45.4,0,52.74,52.33
857700000,25.4,54.6,0,52.33,52.05
858600000,24.7,58.5,0,52.05,51.74
859500000,24.3,61.6,0,51.74,51.52
860400000,0,0,0,51.52,51.32
861300000,0,0,0,51.32,50.99
862200000,24,63.9,0,50.99,50.63
863100000,24,63.8,0,50.63,50.38
864000000,24,63.9,0,50.38,50
864900000,23.9,65.3,0,50,49.63
865800000,23.7,66.6,0,49.63,49.31
866700000,23.5,67.8,0,49.31,48.98
867600000,23.3,68.5,0,48.98,48.7
868500000,23.1,69.6,0,48.7,48.33
869400000,22.8,70.3,0,48.33,48.05
870300000,22.6,71.8,0,48.05,47.78
871200000,22.4,73.1,0,47.78,47.44
872100000,22.2,74.3,0,47.44,47.18
873000000,22,75.7,0,47.18,46.89
873900000,21.8,76.6,0,46.89,46.68
874800000,21.6,76.7,0,46.68,46.43
875700000,21.4,77.2,0,46.43,46.12
876600000,21.2,77.5,0,46.12,45.86
877500000,21,78.4,0,45.86,45.61
878400000,20.8,78.9,0,45.61,45.3
879300000,22.9,75.2,0,45.3,45.03
880200000,23,76,0,45.03,44.71
881100000,23.1,74.8,0,44.71,44.41
882000000,23.2,71,0,44.41,44.27
882900000,19.5,88.6,0,44.27,44.01
883800000,-99,-99,0,44.01,43.84
884700000,-99,-99,0,43.84,43.62
885600000,-99,-99,0,43.62,43.41
886500000,-99,-99,0,43.41,43.24
887400000,-99,-99,0,43.24,43.05
888300000,-99,-99,0,43.05,42.86
889200000,-99,-99,0,42.86,42.69
890100000,-99,-99,0,42.69,42.52
891000000,-99,-99,0,42.52,42.33
891900000,-99,-99,0,42.33,42.07
892800000,22.6,74,0,42.07,41.73
893700000,22.6,74.2,0,41.73,41.42
894600000,23.5,74.4,0,41.42,40.89
895500000,28.4,58.6,0,40.89,40.38
896400000,30,53.2,0,40.38,39.75
897300000,31,50.5,0,39.75,39.09
898200000,31.3,50.1,0,39.09,38.4
899100000,32.5,46.4,0,38.4,37.73
900000000,31.9,48.3,0,37.73,37.05
900900000,33.3,45.2,0,37.05,36.45
901800000,32.9,45.8,0,36.45,35.7
902700000,33.9,43.4,0,35.7,35.04
903600000,33.9,41.4,0,35.04,34.3
904500000,34.5,41.7,0,34.3,33.64
905400000,33.4,41.8,0,33.64,32.96
906300000,31.9,43.6,0,32.96,32.33
907200000,31.5,42.7,0,32.33,31.7
908100000,30.5,46.2,0,31.7,31.17
909000000,29.3,45.5,0,31.17,30.61
909900000,28.9,48.5,0,30.61,30.1
910800000,28.8,48.1,0,30.1,29.6
911700000,28.6,46.6,0,29.6,29.11
912600000,28.3,46.3,0,29.11,28.68
913500000,28.2,46.9,0,28.68,28.16
914400000,28.2,49,0,28.16,27.71
915300000,27.9,48,0,27.71,27.22
916200000,27.9,50.9,0,27.22,26.73
917100000,27.6,52.1,0,26.73,26.26
918000000,27.1,53.9,0,26.26,25.85
918900000,26.3,57.4,0,25.85,25.47
919800000,25.8,61.7,0,25.47,25.1
920700000,24.9,63.1,0,25.1,24.74
921600000,24.3,64.3,0,24.74,24.39
922500000,23.7,68.7,0,24.39,24.07
923400000,23.7,68.8,0,24.07,23.78
924300000,23.5,70,0,23.78,23.42
925200000,23.3,70.6,0,23.42,23.11
926100000,23.1,71.8,0,23.11,22.83
927000000,22.9,72.8,0,22.83,22.51
927900000,22.7,73.4,0,22.51,22.29
928800000,22.7,73.4,0,22.29,22.04
929700000,22.2,75.5,0,22.04,21.83
930600000,21.9,76.8,0,21.83,21.59
931500000,21.7,77.7,0,21.59,21.32
932400000,21.6,78.7,0,21.32,21.13
933300000,21.4,79.6,0,21.13,20.89
934200000,21.2,80.8,0,20.89,20.66
935100000,21,81.6,0,20.66,20.4
936000000,20.8,82.3,0,20.4,20.2
936900000,20.7,83.4,0,20.2,19.93
937800000,20.6,84.1,0,19.93,19.67
938700000,20.5,84.5,0,19.67,19.44
939600000,20.5,84.7,0,19.44,19.13
940500000,20.8,83.7,0,19.13,18.93
941400000,20.8,83.7,0,18.93,18.72
942300000,20.4,85.1,0,18.72,18.45
943200000,20.2,85.3,0,18.45,18.3
944100000,18.9,90.8,0,18.3,18.13
945000000,18.9,90.1,0,18.13,17.97
945900000,19,89.7,0,17.97,17.78
946800000,19,89.6,0,17.78,17.51
947700000,19.3,90.1,0,17.51,17.3
948600000,19.6,87.6,0,17.3,17.15
949500000,19.8,86.5,0,17.15,17
950400000,20.2,85.1,0,17,16.73
951300000,20.7,83.7,0,16.73,16.41
952200000,21.3,81.6,0,16.41,15.9
953100000,28.4,56.1,0,15.9,15.46
954000000,27.5,55.9,0,15.46,15.03
954900000,27.6,56.9,0,15.03,14.58
955800000,28.2,56.7,0,14.58,13.99
956700000,32.1,47.9,0,13.99,13.32
957600000,32.9,45.1,0,13.32,12.67
958500000,33.1,44.6,0,12.67,11.97
959400000,34.5,43.3,0,11.97,11.29
960300000,32.8,44.5,0,11.29,10.64
961200000,32,43.8,0,10.64,10.02
962100000,31.4,45.8,0,10.02,9.51
963000000,30.7,47.8,0,9.51,9.28
963900000,33,42.7,0,9.28,9.07
964800000,34.1,39,0,9.07,8.91
965700000,33.9,40,0,8.91,8.73
966600000,31.8,41.9,0,8.73,8.55
967500000,30.8,46.8,0,8.55,8.39
968400000,29.3,47.5,0,8.39,8.25
969300000,28.8,46.7,0,8.25,8.09
970200000,28.6,46.8,0,8.09,7.98
971100000,28.5,49.2,0,7.98,7.82
972000000,28.5,49.6,0,7.82,7.67
972900000,28.2,50.1,0,7.67,7.52
973800000,28.2,51.2,0,7.52,7.41
974700000,27.6,50.4,0,7.41,7.3
975600000,27.3,51.9,0,7.3,7.16
976500000,27.2,52.7,0,7.16,7.04
977400000,27,52.9,0,7.04,6.89
978300000,26.8,54.2,0,6.89,6.79
979200000,26.3,53.3,0,6.79,6.67
980100000,25.9,54.6,0,6.67,6.58
981000000,25.6,56.5,0,6.58,6.45
981900000,24.9,65.7,0,6.45,6.37
982800000,24,69,0,6.37,6.29
983700000,23.3,72,0,6.29,6.23
984600000,22.8,74,0,6.23,6.15
985500000,22.5,74.8,0,6.15,6.05
986400000,22.3,75.5,0,6.05,5.96
987300000,22,76.1,0,5.96,5.91
988200000,21.8,77,0,5.91,5.81
989100000,21.5,77.9,0,5.81,5.75
990000000,21.3,79.1,0,5.75,5.73
990900000,21,79.8,0,5.73,5.65
991800000,20.8,80.9,0,5.65,5.62
992700000,20.5,82.7,0,5.62,5.53
993600000,20.3,83,0,5.53,5.48
994500000,20.2,83,0,5.48,5.46
995400000,20,83.7,0,5.46,5.39
996300000,19.8,84.2,0,5.39,5.31
997200000,19.6,84.9,0,5.31,17.07
998100000,19.4,85.7,0.05,17.07,16.87
999000000,19.3,85.8,0,16.87,16.73
999900000,19.3,86,0,16.73,16.51
1000800000,19,88,0,16.51,16.36
1001700000,18.9,88.8,0,16.36,16.18
1002600000,18.9,88.6,0,16.18,15.91
1003500000,18.8,88.6,0,15.91,15.66
1004400000,18.5,90.2,0,15.66,15.45
1005300000,18.8,89.6,0,15.45,15.26
1006200000,19.2,88.8,0,15.26,15.08
1007100000,19.3,88,0,15.08,14.84
1008000000,19.5,87.4,0,14.84,14.65
1008900000,19.6,87.2,0,14.65,14.41
1009800000,19.5,87.3,0,14.41,14.26
1010700000,19.2,88.1,0,14.26,13.99
1011600000,19.1,88.6,0,13.99,13.79
1012500000,18.8,90.5,0,13.79,13.6
1013400000,18.7,91.9,0,13.6,13.39
1014300000,18.8,92.4,0,13.39,13.17
1015200000,18.7,92.3,0,13.17,12.93
1016100000,18.6,92.6,0,12.93,12.69
1017000000,18.3,93.7,0,12.69,12.54
1017900000,18,94.8,0,12.54,12.38
1018800000,17.8,95.8,0,12.38,12.19
1019700000,17.5,96.6,0,12.19,11.94
1020600000,17.4,95.7,0,11.94,11.68
1021500000,17.4,96.3,0,11.68,11.49
1022400000,17.5,96.1,0,11.49,11.27
1023300000,17.5,95.6,0,11.27,11.06
1024200000,17.3,95.6,0,11.06,10.89
1025100000,17.1,96.5,0,10.89,10.68
1026000000,16.9,97.2,0,10.68,10.47
1026900000,16.9,98,0,10.47,10.24
1027800000,17,98.7,0,10.24,10.01
1028700000,17.3,98.2,0,10.01,9.77
1029600000,17.6,96.8,0,9.77,9.71
1030500000,17.9,96.4,0,9.71,9.65
1031400000,18.1,95.7,0,9.65,9.63
1032300000,18.7,94.3,0,9.63,9.57
1033200000,19.3,91.6,0,9.57,9.55
1034100000,19.5,90.4,0,9.55,9.45
1035000000,20.3,87,0,9.45,9.35
1035900000,21.2,82.7,0,9.35,9.27
1036800000,22.8,77.7,0,9.27,9.11
1037700000,25.4,68.3,0,9.11,8.96
1038600000,28.3,62.2,0,8.96,8.84
1039500000,29.3,56.6,0,8.84,8.71
1040400000,30.1,52.6,0,8.71,8.56
1041300000,31.5,49.6,0,8.56,8.35
1042200000,30.8,51.2,0,8.35,8.14
1043100000,31.1,50,0,8.14,7.96
1044000000,30.4,52.9,0,7.96,7.77
1044900000,30.6,50.7,0,7.77,7.62
1045800000,30.9,49.2,0,7.62,7.49
1046700000,31,50.5,0,7.49,7.32
1047600000,30.7,50.2,0,7.32,7.17
1048500000,31.1,51.3,0,7.17,6.97
1049400000,31.5,46.7,0,6.97,6.82
1050300000,31.3,48.5,0,6.82,6.67
1051200000,30.8,50.7,0,6.67,6.51
1052100000,30.5,49.1,0,6.51,6.3
1053000000,30.6,48,0,6.3,6.13
1053900000,30.1,48.9,0,6.13,5.95
1054800000,29.5,47.9,0,5.95,5.8
1055700000,29.4,49.6,0,5.8,5.66
1056600000,29.2,49.9,0,5.66,5.5
1057500000,29.2,49.8,0,5.5,5.34
1058400000,28.8,49.7,0,5.34,5.21
1059300000,28.8,49.9,0,5.21,5.09
1060200000,28.1,51,0,5.09,4.96
1061100000,27.8,52.2,0,4.96,4.83
1062000000,27.4,50.2,0,4.83,4.67
1062900000,27,54,0,4.67,4.5
1063800000,26.9,54.6,0,4.5,4.38
1064700000,26.4,56.9,0,4.38,4.28
1065600000,26,55.4,0,4.28,4.18
1066500000,25.6,59.1,0,4.18,4.08
1067400000,25,61.7,0,4.08,3.97
1068300000,24.5,61.3,0,3.97,3.87
1069200000,24,65.3,0,3.87,3.99
1070100000,23.5,67,0,3.99,3.87
1071000000,23.1,69,0,3.87,4.23
1071900000,22.7,70.4,0,4.23,4.13
1072800000,22.4,71.4,0,4.13,4
1073700000,22.1,72.1,0,4,3.92
1074600000,21.8,74,0,3.92,3.82
1075500000,21.5,75.4,0,3.82,4.2
1076400000,21.3,77.1,0,4.2,4.11
1077300000,21,77.6,0,4.11,4.03
1078200000,20.6,79.6,0,4.03,3.98
1079100000,20.4,81.9,0,3.98,3.92
1080000000,20.1,82.6,0,3.92,3.89
1080900000,19.7,83.8,0,3.89,3.85
1081800000,19.5,85.5,0,3.85,3.99
1082700000,19,86.1,0,3.99,3.93
1083600000,19,86.1,0,3.93,3.9
1084500000,18.4,88.3,0,3.9,3.85
1085400000,18.2,89.6,0,3.85,3.82
1086300000,18,90.3,0,3.82,3.8
1087200000,31.1,49.4,0,3.8,3.98
1088100000,33.8,43.9,0,3.98,4.28
1089000000,33.9,42.5,0,4.28,4.07
1089900000,34.1,40.9,0,4.07,3.84
1090800000,36,35.8,0,3.84,4.33
1091700000,36,35.9,0,4.33,4.07
1092600000,36.5,37.7,0,4.07,3.88
1093500000,36.5,37.7,0,3.88,4.05
1094400000,36.2,36,0,4.05,4.25
1095300000,36.6,35.7,0,4.25,4.01
1096200000,36.6,35.9,0,4.01,3.88
1097100000,38.8,33.5,0,3.88,4.17
1098000000,38.8,33.5,0,4.17,3.89
1098900000,38.5,34.7,0,3.89,4.14
1099800000,37.6,34.7,0,4.14,3.87
1100700000,36.2,36.3,0,3.87,4.04
1101600000,34.5,38.6,0,4.04,3.86
1102500000,32.2,42,0,3.86,4.1
1103400000,30.6,46,0,4.1,3.91
1104300000,30,46.2,0,3.91,4.11
1105200000,30,44.1,0,4.11,3.97
1106100000,29.7,47,0,3.97,3.83
1107000000,29.2,46.7,0,3.83,4.21
1107900000,28.6,49.7,0,4.21,4.07
1108800000,28.3,46.7,0,4.07,3.93
1109700000,28.3,48.5,0,3.93,4.1
1110600000,27.9,50.3,0,4.1,4
1111500000,27.5,51.7,0,4,3.85
1112400000,26.8,53.8,0,3.85,4.25
1113300000,26.1,56.1,0,4.25,4.1
1114200000,25.3,58.4,0,4.1,3.98
1115100000,24.7,60.7,0,3.98,3.88
1116000000,24.1,63.2,0,3.88,4.49
1116900000,23.7,65.7,0,4.49,4.43
1117800000,21.5,70.2,0,4.43,4.33
1118700000,24.9,100,0,4.33,4.2
1119600000,28.3,55.8,0,4.2,4.04
1120500000,27.4,56.6,0,4.04,3.91
1121400000,23.9,60.5,0,3.91,3.82
1122300000,23.9,60.5,0,3.82,4
1123200000,23.4,61.4,0,4,3.87
1124100000,23,64,0,3.87,4.42
1125000000,22.5,65,0,4.42,4.36
1125900000,22.1,65.9,0,4.36,4.25
1126800000,21.7,68.4,0,4.25,4.16
1127700000,21.3,69.9,0,4.16,4.08
1128600000,21,71.7,0,4.08,3.98
1129500000,20.7,73.7,0,3.98,3.92
1130400000,17.1,100,0,3.92,3.86
